name,ag,country
GAMAL ABOUSHABANA,M30-34,EGY
ERNESTO ADELIMA,M55-59,MEX
JIANBING AI,M35-39,CHN
TSUMUGI AKIBA,M35-39,JPN
CEDRIC ALLEN,M45-49,FRA
TILMAN ALTMEPPEN,M30-34,DEU
KAZUHIKO AMEMIYA,M35-39,JPN
YIXING ANTIAN,M30-34,JPN
LING ANDERSON,M25-29,CHN
BORIS ANGERER,M35-39,DEU
JEREMY ANIERE,M50-54,AUS
WILLETT ANNA,M40-44,AUS
MASANORI ARAI,M50-54,JPN
DOUGLAS ARIZAGIAMMARIA,M40-44,COL
SHOICHI ASAMOTO,M45-49,JPN
VICTOR AVILA,M65-69,USA
CHUNSHAN BAI,M40-44,CHN
FENG BAI,M45-49,CHN
YANMING BAI,M25-29,CHN
OLIVIER BAILLET,M45-49,FRA
WEIHANG BAO,M25-29,CHN
JAREK BARC,M35-39,USA
IURII BAZILEVSKII,M40-44,RUS
KEITHCHARLES BEATTIE,M40-44,IRL
SCOTT BEAUMONT,M45-49,GBR
JUAN BECERRA,M40-44,ARG
JAMES BEESON,M40-44,GBR
ANDRESJESUS RODRIGUEZ,M45-49,ESP
WANG BEN,M35-39,CHN
CHRISTIAN BERGERON,M50-54,CAN
LARS BERGMANN,M45-49,DNK
BEILI BIAN,M35-39,CHN
JIANG BINGNAN,M45-49,CHN
CHRISTIAN BLATT,M50-54,DEU
ANGELO BONACCI,M35-39,AUS
MIRKOPIETRO BORDIGA,M45-49,ITA
SERGIO BORGES,M50-54,BRA
ANTOINE BOSE,M50-54,CAN
MARK BOSWORTH,M30-34,AUS
ANNABEL BOUDVILLE,M30-34,MYS
FRED BOWMAN,M25-29,GBR
LAURENT BRAULT,M45-49,FRA
RUBEN BRAVOZUÑIGA,M35-39,ESP
ANIKARINA BROWN,M40-44,PHL
STEPHEN BROWN,M35-39,AUS
KATRIN BUCHTA,M45-49,DEU
JOE BUETZLER,M30-34,DEU
KAREN BUXTON,M50-54,USA
FUNIAO CAI,M30-34,CHN
HONG CAI,M40-44,CHN
JIN CAI,M60-64,CHN
RENGUI CAI,M30-34,CHN
XIANG CAI,M40-44,CHN
YUHUI CAI,M30-34,CHN
DEAN CALLAGHAN,M30-34,AUS
OTTONI CANDIDO,M50-54,BRA
JUNYU CAO,M25-29,CHN
RONGJIN CAO,M35-39,CHN
XINMIN CAO,M50-54,CHN
XIONG CAO,M40-44,CHN
WEIFEN CAO,M45-49,CHN
PERE CASAS,M40-44,MSR
MILAN CATABIANII,M35-39,PHL
ZHU CE,M35-39,CHN
YIXING CHAN,M30-34,SGP
JIANG CHANG,M40-44,CHN
KE CHANG,M30-34,CHN
LEI CHANG,M45-49,CHN
YITING CHANG,M25-29,CHN
GUOSHENG CHEN,M40-44,CHN
HONG CHEN,M40-44,TWN
JIAYI CHEN,M35-39,CHN
JUNKAI CHEN,M35-39,TWN
LILI CHEN,M30-34,CHN
MIAOLIN CHEN,M60-64,CHN
PINXIAN CHEN,M55-59,TWN
QIAO CHEN,M45-49,CHN
SHIWEI CHEN,M35-39,TWN
XIN CHEN,M25-29,CHN
YULIN CHEN,M50-54,TWN
CHEN CHEN,M25-29,CHN
CHENG CHEN,M30-34,CHN
CHUANGZHI CHEN,M45-49,CHN
DEPAN CHEN,M25-29,CHN
DINWEI CHEN,M35-39,TWN
FANG CHEN,M25-29,CHN
GUANJUN CHEN,M30-34,CHN
HAIQIAO CHEN,M40-44,CHN
HAIYAN CHEN,M30-34,CHN
HAO CHEN,M40-44,CHN
HONGHUI CHEN,M18-24,CHN
HUI CHEN,M45-49,CHN
HUNG-WEN CHEN,M35-39,TWN
HUNG-YU CHEN,M30-34,TWN
JIAN CHEN,M45-49,CHN
JIE CHEN,M40-44,CHN
JINGWEN CHEN,M40-44,CHN
LEI CHEN,M45-49,CHN
LI CHEN,M40-44,CHN
LU CHEN,M25-29,CHN
POHAO CHEN,M45-49,TWN
RONGJUAN CHEN,M35-39,CHN
TONY CHEN,M40-44,CHN
TONY CHEN,M40-44,CAN
XI CHEN,M40-44,CHN
XIAO CHEN,M40-44,CHN
XING CHEN,M30-34,CHN
XUEFEI CHEN,M40-44,CHN
YADUO CHEN,M25-29,CHN
YING CHEN,M30-34,CHN
YINGJUN CHEN,M40-44,CHN
YUCHEN CHEN,M45-49,CHN
YUHENG CHEN,M35-39,CHN
ZHUANZHUAN CHEN,M35-39,CHN
DONG CHENG,M40-44,CHN
JUNYU CHENG,M18-24,CHN
LIANG CHENG,M35-39,CHN
LIN CHENG,M55-59,CHN
MENG CHENG,M25-29,CHN
QIAOLE CHENG,M25-29,CHN
PAUL CHEUNG,M50-54,USA
PENG CHI,M30-34,CHN
CHEN CHIHCHEN,M18-24,TWN
HOLLY CHIPMAN,M18-24,GBR
JUNGHYUN CHO,M50-54,KOR
JUN CHONG,M25-29,CHN
SUN CHONGTAO,M40-44,CHN
MIRA CHRISTANTO,M30-34,IDN
EUGENE CHU,M45-49,USA
XIAOSHENG CHU,M25-29,CHN
GE CHUNHUI,M30-34,CHN
MASSIMO CIOCIA,M50-54,ITA
DALE CLAUDEL,M45-49,USA
MARK CLAY,M50-54,GBR
LIAM COHEN-RUHLE,M35-39,AUS
WEI CONG,M35-39,CHN
HUIJIN CONG,M35-39,CHN
JEAN-GUY CORNU,M40-44,FRA
BIAO CUI,M25-29,CHN
YIMENG CUI,M18-24,CHN
ANTOINE CULLIER,M30-34,FRA
YECUN DAXIONG,M35-39,JPN
JUNZHI DAI,M25-29,CHN
REN DAI,M40-44,CHN
ZE DAI,M30-34,CHN
PATRICK DANIELSSON,M30-34,ITA
CHANG DAVID,M50-54,USA
ROBERTO DEPARDI,M45-49,ITA
BAREND DEBRUIJN,M35-39,NLD
HAIJUN DENG,M45-49,CHN
YONG DENG,M45-49,CHN
FLEUR DENNIS,M40-44,AUS
OLIVIER DERBEZ,M40-44,FRA
ARNAUD DESPIERRE,M40-44,SGP
JAMES DEWAR,M35-39,AUS
KERRI DEWE,M35-39,NZL
BINGNING DING,M35-39,CHN
YI DING,M25-29,CHN
YU DING,M30-34,CHN
JINGYU DONG,M50-54,CAN
WU DONG,M35-39,CHN
SHUYOU DONG,M40-44,CHN
XUEHUA DONG,M40-44,CHN
YE DONG,M35-39,CHN
JIANG DU,M35-39,CHN
YANYAN DU,M35-39,CHN
SONGYAO DUAN,M25-29,CHN
ZHIMIN DUAN,M40-44,CHN
CLINT EDWORTHY,M35-39,AUS
HAYTHEM EL-ANSARY,M35-39,AUS
GARETH ELLEN,M45-49,GBR
ERNESTO ESPINOZA,M35-39,CRI
RANDALL EVANS,M35-39,AUS
HU FAJIN,M40-44,CHN
CHUNQIANG FAN,M35-39,CHN
XU FAN,M40-44,CHN
YANGDONG FAN,M45-49,TWN
DEQIANG FANG,M25-29,CHN
LEI FANG,M35-39,CHN
DONGLIN FANG,M25-29,CHN
XUEQUAN FANG,M50-54,CHN
BIAO FANG,M35-39,CHN
HUA FANG,M30-34,CHN
JUN FANG,M45-49,CHN
MIN FANG,M35-39,CHN
WEI FANG,M35-39,CHN
YAN FANG,M35-39,CHN
YIGANG FANG,M25-29,CHN
YUAN FANG,M35-39,CHN
CHEN FANGFANG,M55-59,CHN
VALERII FAZLUTDINOV,M45-49,RUS
MARKUS FEHR,M55-59,CHE
FU FEI,M35-39,CHN
ERICH FELBABEL,M35-39,HKG
JIE FENG,M30-34,CHN
WEIYING FENG,M45-49,CHN
WEN FENG,M35-39,CHN
YONG FENG,M30-34,CHN
ZHIQIANG FENG,M35-39,CHN
HE FENG,M35-39,CHN
HAILI FENG,M35-39,CHN
ZHU FENGYUN,M40-44,CHN
JOHAN FOGEL,M45-49,SWE
MARIA FOGEL,M40-44,SWE
SAM FOK,M25-29,HKG
HONGZHEN FONG,M40-44,CHN
CHRIS FOO,M45-49,SGP
ZIEWERS FRANK,M35-39,DEU
LYNDSAY FRASER,M30-34,THA
RAY FRIGOLA,M40-44,USA
FREDRIK FRISK,M50-54,SWE
NIKOLAY FROLOV,M30-34,RUS
XIAO FU,M30-34,CHN
ZIJIAN FU,M40-44,CHN
MASAHIRO FUJITANI,M35-39,JPN
WEN FUJUN,M40-44,CHN
NEIL GALLIFORD,M50-54,HKG
CHUANBING GAO,M40-44,CHN
HONGBO GAO,M50-54,CHN
LIJUN GAO,M30-34,CHN
LILI GAO,M40-44,CHN
MANDIE GAO,M50-54,CHN
SHAOHUA GAO,M35-39,CHN
SHI GAO,M40-44,CHN
XIANG GAO,M40-44,CHN
BIN GAO,M40-44,CHN
PENG GAO,M30-34,CHN
SHUIYONG GAO,M50-54,CHN
DONGMING GE,M45-49,CHN
JUN GE,M40-44,CHN
JUNRONG GE,M30-34,CHN
TIANXING GE,M30-34,CHN
GUY GERRISH,M45-49,GBR
OLIVIA GHISONI,M25-29,FRA
NICOLAS GOH,M45-49,SGP
BEN GOLDMAN,M35-39,USA
GUANGQIANG GONG,M40-44,CHN
JAVIER NAVARRETE,M35-39,ESP
SHUSAKU GOTO,M35-39,JPN
DESSIE GOURLAY,M45-49,NZL
JANE GRIFFITHS,M40-44,HKG
MIKE GRIMM,M55-59,USA
MAXIMILIANTIM GROß,M18-24,DEU
DAWO GU,M70-74,CHN
JIN GU,M25-29,CHN
YONGHENG GU,M50-54,CHN
JIANRONG GU,M45-49,CHN
AMING GUAN,M50-54,CHN
LIFEI GUI,M40-44,CHN
DONG GUO,M30-34,CHN
HAOYI GUO,M18-24,CHN
PEIWEN GUO,M55-59,CHN
QIANG GUO,M40-44,CHN
QINGSHAN GUO,M45-49,CHN
WEIYU GUO,M35-39,CHN
XIAOBING GUO,M35-39,CHN
ZHIJUN GUO,M30-34,CHN
DRUDRURY GUY,M45-49,GBR
LONGXING HA,M40-44,CHN
DOUGLAS HAHN,M50-54,CAN
XU HAI,M50-54,CHN
KIM HALVORSEN,M40-44,DNK
KYLE HAMILTON,M40-44,USA
CHE HAN,M30-34,CHN
DESHUN HAN,M40-44,CHN
FEI HAN,M35-39,CHN
JIANGANG HAN,M50-54,CHN
JINCHENG HAN,M18-24,CHN
KAI HAN,M30-34,CHN
FU HAN,M35-39,CHN
GANG HAN,M35-39,CHN
NICHOLAS HANSEN,M30-34,AUS
LIU HAO,M35-39,CHN
QIYU HAO,M45-49,CHN
TIAN HAO,M35-39,CHN
PETER HARSCH,M45-49,USA
STUART HARSLEY,M45-49,AUS
YUICHI HASHIMOTO,M50-54,JPN
MATHIEU HAUTIER,M30-34,FRA
FENGJUN HE,M30-34,CHN
HAILIANG HE,M35-39,CHN
JIA HE,M30-34,CHN
JUNFANG HE,M45-49,CHN
JUNFEI HE,M30-34,CHN
LIANGLIANG HE,M30-34,CHN
MIN HE,M35-39,CHN
QINFANG HE,M35-39,CHN
YANGCHUN HE,M40-44,CHN
ZHIYUAN HE,M25-29,CHN
LONG HE,M45-49,CHN
XIAOHONG HE,M50-54,CHN
MARCO HECKER,M40-44,DEU
CORINNA HEINRICH,M35-39,DEU
KENNETH HENEY,M40-44,GBR
BEN HENNIGS,M35-39,DEU
HENRIK HERINGSLACK,M40-44,SWE
MARIONCLAIRE HERMITAGE,M50-54,AUS
PHILLIP HERMITAGE,M60-64,AUS
KODO HIRAMATSU,M35-39,JPN
CELMA HITALIA,M50-54,PHL
BAOEN HONG,M40-44,CHN
BINSHU HONG,M40-44,TWN
ZHAO HONGWEI,M40-44,CHN
JERRY HSIEH,M35-39,TWN
CHIUNGWEN HSU,M35-39,TWN
CHENHAO HU,M18-24,CHN
HEAN HU,M50-54,CHN
JIAN HU,M45-49,CHN
JIE HU,M35-39,CHN
SHI HU,M30-34,CHN
YAN HU,M55-59,CHN
YAOHAI HU,M30-34,CHN
ZHIYONG HU,M50-54,CHN
JIANGTAO HU,M35-39,CHN
CHUNSHAN HU,M45-49,CHN
JIANQING HU,M50-54,CHN
LIREN HU,M45-49,CHN
YUHAO HU,M18-24,CHN
YING HUA,M35-39,CHN
WEI HUA,M35-39,CHN
CHENYANG HUANG,M30-34,CHN
FEI HUANG,M45-49,CHN
HE HUANG,M35-39,CHN
HONG HUANG,M45-49,CHN
JIANJIE HUANG,M40-44,CHN
JINGJING HUANG,M30-34,CHN
JUN HUANG,M30-34,CHN
JUN HUANG,M45-49,CHN
LIANGJIN HUANG,M55-59,CHN
QUANRONG HUANG,M40-44,CHN
YU HUANG,M35-39,CHN
YUNCHUAN HUANG,M35-39,CHN
ZHENGUO HUANG,M40-44,CHN
ZHIMING HUANG,M25-29,CHN
ZHIQUAN HUANG,M25-29,CHN
ZHIWEI HUANG,M30-34,CHN
ZHONG HUANG,M45-49,CHN
DAOYONG HUANG,M30-34,CHN
HAOHUI HUANG,M18-24,CHN
HONGYING HUANG,M30-34,CHN
YIPING HUANG,M45-49,CHN
GU HUAXIN,M35-39,CHN
PHILIPP HUG,M35-39,CHE
WANG HUI,M45-49,CHN
ZHOU HUILI,M45-49,CHN
JAMIE HUNT,M40-44,NZL
CARSTEN IMBRAHM,M40-44,DEU
CHINNANG IP,M50-54,CHN
SHIZUKA IPPOMMATSU,M18-24,JPN
TAKESHI ISHIBASHI,M25-29,JPN
SATOSHI ISHIHARA,M65-69,JOR
HIROSHI IWABUCHI,M55-59,JPN
DAMIAN JAGOLICZ,M25-29,POL
JACQUELIN JEAN-CHARLES,M40-44,FRA
ALEXANDRE JEANNE,M45-49,FRA
JARAY JEARANAI,M35-39,THA
CHAN-IL JEONG,M35-39,KOR
MARK JEWIS,M40-44,AUS
HE JI,M40-44,CHN
PINGZI JI,M50-54,JPN
HONGXUAN JI,M40-44,CHN
LIFENG JIA,M30-34,CHN
LIU JIA,M30-34,CHN
HAILIN JIA,M30-34,CHN
PENG JIA,M40-44,CHN
SHAO JIAN,M35-39,CHN
YANG JIAN,M45-49,CHN
HONG JIANG,M35-39,CHN
HUCHENG JIANG,M40-44,CHN
QING JIANG,M45-49,CHN
QINGHAI JIANG,M45-49,CHN
SHAN JIANG,M35-39,CHN
YAO JIANG,M25-29,CHN
YUJI JIANG,M30-34,CHN
ZHIDAO JIANG,M60-64,CHN
QINGSONG JIANG,M30-34,CHN
JIN JIANRONG,M50-54,CHN
JIHANG JIAO,M30-34,CHN
ZHANG JIE,M25-29,CHN
XIE JIM,M30-34,CHN
CHEN JIN,M40-44,CHN
HEELEE JIN,M40-44,KOR
JING JIN,M25-29,CHN
WEIDONG JIN,M35-39,CHN
XIAN JIN,M40-44,CHN
XIAODONG JIN,M45-49,CHN
ZHU JIN,M25-29,CHN
WANLIN JING,M45-49,CHN
LIU JINGSU,M40-44,CHN
GUO JINMEI,M45-49,CHN
DUNCAN JOHNSON,M45-49,AUS
YONGMEI JU,M50-54,CHN
YIN JUN,M40-44,CHN
HOPKINS JUSTIN,M35-39,USA
YANLONG KAI,M25-29,CHN
KOJI KAMIMURA,M45-49,JPN
KEVIN KANG,M40-44,CHN
OLAF KASTEN,M40-44,HKG
SHAY KASTORIANO,M40-44,ISR
YISHA KE,M30-34,CHN
DANIEL KELLY,M35-39,AUS
DANNY KELLY,M60-64,USA
DON KENNY,M45-49,USA
THOMAS KERNER,M25-29,DEU
BERND KIESEL,M45-49,DEU
BYONGDOO KIM,M70-74,KOR
ELAINE KINLOUGH,M45-49,IRL
SHAWN KLEINSTIVER,M50-54,USA
MICHAEL KLOSE,M50-54,DEU
MICHAEL KNUDSEN,M25-29,DNK
KENRO KOBAYASHI,M60-64,JPN
YASUNORI KOBORI,M40-44,JPN
SHINJI KONDO,M45-49,JPN
JOHNEE KOP,M50-54,USA
ANDREY KOZLOV,M30-34,RUS
OLGA KRAMARENKO,M30-34,MDA
PHILIPPE KRETZ,M35-39,CHE
SEGOLENE KRETZ,M35-39,CHE
ANNIKA KRULL,M25-29,DEU
ZHAOHUI KUANG,M45-49,CHN
YE KUANG,M25-29,CHN
RICCARDO KUHAR,M40-44,HRV
MAYUMI KUMAZAKI,M45-49,JPN
WANG KUNMING,M35-39,CHN
YAO-TSUNG KUO,M45-49,TWN
ROBERT KUSHNER,M50-54,HKG
JIANFENG LAI,M45-49,CHN
ANNE LAVANDON,M45-49,FRA
JEANBAPTISTE LEBLAN,M35-39,FRA
PAUL LEHOUILLIER,M50-54,USA
CHIA-FENG LEE,M35-39,CAN
CHULHUN LEE,M45-49,KOR
CHUNGYIN LEE,M40-44,HKG
HONGRAK LEE,M35-39,KOR
KELVIN LEE,M30-34,USA
MELVIN LEE,M30-34,MYS
CHRISTOPHE LEGER,M45-49,FRA
NATHALIE LEGER,M45-49,FRA
HONG LEI,M35-39,CHN
XIAO LEI,M35-39,CHN
CHIWAH LEUNG,M45-49,HKG
PING LI,M40-44,CHN
JIAN LI,M35-39,CHN
PEIZHU LI,M18-24,CHN
SHUHUA LI,M45-49,CHN
WEIDA LI,M25-29,CHN
XIAODONG LI,M55-59,CHN
YAO LI,M30-34,CHN
ZIPENG LI,M30-34,CHN
BING LI,M45-49,CHN
FEI LI,M25-29,CHN
FENGCHUN LI,M45-49,CHN
FUJIA LI,M30-34,CHN
GANG LI,M40-44,CHN
GUANG LI,M30-34,CHN
HAIMING LI,M30-34,CHN
HAIQING LI,M40-44,CHN
HONG LI,M45-49,CHN
HONG LI,M35-39,CHN
HUI LI,M35-39,CHN
JIAN LI,M30-34,CHN
JIANMIN LI,M45-49,CHN
JIN LI,M35-39,CHN
JING LI,M45-49,CHN
JUN LI,M35-39,CHN
JUN LI,M35-39,CHN
JUN LI,M35-39,CHN
KAI LI,M45-49,CHN
LEI LI,M30-34,CHN
LING LI,M25-29,CHN
PATRIK LI,M45-49,CHE
QUANHONG LI,M40-44,CHN
RAN LI,M30-34,CHN
SHENG LI,M45-49,CHN
SHI LI,M30-34,CHN
WEI LI,M45-49,CHN
WENBO LI,M40-44,CHN
WENJIE LI,M50-54,CHN
XI LI,M30-34,CHN
XIN LI,M30-34,CHN
YAN LI,M25-29,CHN
YANG LI,M30-34,CHN
YANG LI,M45-49,CHN
YANG LI,M25-29,CHN
YU LI,M35-39,CHN
YULIN LI,M45-49,CHN
YUMING LI,M18-24,CHN
YUTAO LI,M18-24,CHN
ZHENG LI,M30-34,CHN
BINGXIN LIANG,M40-44,CHN
GUANGRUI LIANG,M40-44,CHN
HONGWEI LIANG,M40-44,CHN
YUAN LIANG,M25-29,CHN
GONG LIANG,M30-34,CHN
BINBIN LIAO,M25-29,CHN
HANGYU LIAO,M30-34,CHN
XINYONG LIAO,M45-49,CHN
WEIXIANG LIAO,M25-29,CHN
MARTIN LIEBERZ,M35-39,HKG
GERALD LIES,M40-44,DEU
TU LIJIAN,M40-44,CHN
LI LIJUN,M40-44,CHN
PIX LIM,M40-44,MYS
CHUCHUAN LIN,M65-69,TWN
RONGCHAO LIN,M30-34,CHN
WANZHONG LIN,M55-59,CHN
WEI LIN,M25-29,MAC
WEIWEI LIN,M30-34,CHN
ZHENHE LIN,M45-49,CHN
YUTAO LING,M55-59,CHN
AIMIN LIU,M45-49,CHN
CHANG LIU,M30-34,CHN
DANYANG LIU,M25-29,CHN
DAWEI LIU,M25-29,CHN
GUANGHAI LIU,M40-44,CHN
GUONING LIU,M40-44,CHN
HU LIU,M30-34,CHN
HUTONG LIU,M40-44,CHN
JIA LIU,M40-44,CHN
JIAN LIU,M45-49,CHN
JIANGUO LIU,M50-54,CHN
JIANPING LIU,M25-29,CHN
JIN LIU,M35-39,CHN
JINSONG LIU,M45-49,CHN
JUNHUI LIU,M30-34,CHN
KEXUN LIU,M40-44,CHN
PENG LIU,M35-39,CHN
SHUO LIU,M40-44,CHN
TAO LIU,M35-39,CHN
WENZHENG LIU,M35-39,CHN
XIANG LIU,M30-34,CHN
XIAOAN LIU,M40-44,CHN
XING LIU,M18-24,CHN
YAN LIU,M35-39,CHN
YEWANG LIU,M25-29,CHN
YI LIU,M45-49,CHN
YILUN LIU,M25-29,CHN
YU LIU,M30-34,CHN
YUAN LIU,M35-39,CHN
YUE LIU,M40-44,CHN
ZHIGUO LIU,M35-39,CHN
DONG LIU,M25-29,CHN
DONGSHENG LIU,M35-39,CHN
GUIPING LIU,M30-34,CHN
JIAYUAN LIU,M30-34,TWN
JIANHUA LIU,M35-39,CHN
LEI LIU,M30-34,CHN
WEI LIU,M35-39,CHN
XIANGDONG LIU,M50-54,CHN
ZHENGZHENG LIU,M25-29,CHN
FELICITY LLOYD,M30-34,AUS
LEO LÓPEZ,M40-44,ESP
MINGMING LOU,M25-29,CHN
DAVID LOUVET,M35-39,USA
BIN LU,M45-49,CHN
CHANG LU,M35-39,CHN
DEYUAN LU,M18-24,CHN
GENBAO LU,M60-64,CHN
GUANGFENG LU,M35-39,CHN
HONGCHUN LU,M40-44,CHN
JUN LU,M45-49,CHN
JUN LU,M45-49,CHN
MING LU,M45-49,CHN
YIWEI LU,M35-39,CHN
YOUWEI LU,M45-49,CHN
MINGGANG LU,M40-44,CHN
TIANYU LUWANG,M30-34,CHN
DAN LUO,M35-39,CHN
JIANWEI LUO,M25-29,CHN
JINGYU LUO,M25-29,CHN
JINHUA LUO,M40-44,CHN
MING LUO,M40-44,CHN
WENHU LUO,M55-59,CHN
XIANJI LUO,M50-54,CHN
XIANJIE LUO,M40-44,CHN
YANWEI LUO,M40-44,CHN
HAOYUAN LUO,M45-49,CHN
XUXIN LUO,M35-39,CHN
DEZHENG LV,M30-34,CHN
MINGXIA LV,M45-49,CHN
BOYANG MA,M18-24,CHN
CHENG MA,M30-34,CHN
CHUNTAO MA,M35-39,CHN
GUANGRONG MA,M60-64,CHN
JIYUN MA,M40-44,CHN
NING MA,M35-39,CHN
PANXIN MA,M60-64,CHN
PENGKUN MA,M35-39,CHN
TING MA,M30-34,CHN
WENQIANG MA,M35-39,CHN
BRYCE MADDOCK,M30-34,USA
STEPHEN MAGOR,M60-64,GBR
CHANGGUAN MAI,M45-49,CHN
WEILIN MAO,M40-44,CHN
HANNES MAREK,M35-39,DEU
CHRISTOPHER MARK,M40-44,CAN
ANNE MARTIN,M45-49,AUS
FEDERICO MASIN,M45-49,ITA
BRENDAN MASON,M50-54,AUS
OLGA MATYUSHINA,M30-34,RUS
GRACE MCCLURE,M35-39,AUS
TOM MCINNES,M55-59,GBR
TODD MCKEAN,M45-49,USA
SUE MCMASTER,M55-59,NZL
WAYNE MEHL,M75-79,USA
ZHENYA MEI,M40-44,CHN
ZHANGWEI MENG,M35-39,CHN
JIAN MENG,M40-44,CHN
SHITAO MENG,M30-34,CHN
QI MENG,M30-34,CHN
BIRGIT METZLER,M30-34,DEU
DI MIAO,M30-34,CHN
VINCE MIDDLETON,M45-49,AUS
YASUAKI MIKI,M55-59,JPN
XU MINGDONG,M40-44,CHN
VASILII MISHCHENKO,M40-44,RUS
CHIHO MIURA,M40-44,JPN
KAZUTOSHI MIYOKAWA,M65-69,JPN
XIUGANG MO,M35-39,CHN
ZHENHAO MO,M18-24,CHN
HOYIN MOK,M45-49,HKG
LILLIANGRACIELA MOLINA,M30-34,BLZ
LI MOORE,M35-39,USA
HIDEFUMI MORI,M50-54,JPN
MASAHIRO MORIOKA,M45-49,JPN
DAVID MORSE,M40-44,USA
YINGXU MOU,M45-49,CHN
GUSTAVO MULLER,M30-34,ECU
ALEXANDER MURCHIE,M40-44,HKG
GABOR NAGY,M45-49,HUN
KIMIO NAITO,M65-69,JPN
TAKEO NAKAMICHI,M50-54,JPN
PAN NAN,M35-39,CHN
MANUEL NARVAEZ,M50-54,ESP
FILIPPO NETTUNO,M50-54,ITA
HUUPHOC NGUY,M40-44,FRA
MARIE NGUY,M40-44,FRA
LIFENG NIE,M40-44,CHN
XIAOJIA NIE,M25-29,CHN
KAI NIERUCH,M50-54,DEU
DONG NING,M35-39,CHN
HU NING,M45-49,CHN
YONG NING,M45-49,CHN
TOMMASO NOLLI,M18-24,ITA
TANNO NORIHITO,M50-54,JPN
MICHAEL OGRADY,M50-54,IRL
JEFF O'COIN,M35-39,USA
MARYANNE OCTAVE,M40-44,BEL
CHRISTIAN OETTINGER,M45-49,DEU
HISAO OGAWA,M45-49,JPN
MATHIEU OHALLORAN,M30-34,CAN
JOHANNES OLIND,M25-29,USA
HADLER OLIVEIRA,M35-39,BRA
ALVIN ONG,M45-49,SGP
JOSEPH ONG,M65-69,SGP
MARK ORGAN,M30-34,GBR
JUDY ORLANDELLA,M50-54,USA
KOJI OTSUKA,M40-44,JPN
YU OZAWA,M25-29,JPN
FENG PAN,M40-44,CHN
JUN PAN,M50-54,CHN
KAICHENG PAN,M45-49,CHN
SHAOHUA PAN,M25-29,CHN
BIN PAN,M30-34,CHN
SHUAIJI PAN,M30-34,CHN
PANGLEI PANG,M40-44,CHN
ROBERT PARINUSSA,M30-34,NLD
HUGH PARRIS,M40-44,NZL
MICHAEL PASSINGER,M50-54,DEU
SCOTT PATTERSON,M50-54,USA
CONG PEIHU,M50-54,CHN
MARTIN PFUND,M45-49,DEU
ROBERT PHILLIPS,M35-39,CAN
CHRISTIAN PIETSCH,M35-39,DEU
MIKE PILLING,M50-54,AUS
SIEGFRIED PITTET,M50-54,THA
CHRISTOPHER POLLARD,M45-49,GBR
CAI PU,M30-34,CHN
JIA PU,M35-39,CHN
YULI PU,M25-29,CHN
HUIJING PU,M18-24,CHN
RAMON PUCHADESLOPEZ,M35-39,ESP
JIANPING QI,M45-49,CHN
JUN QI,M40-44,CHN
ZHI QI,M40-44,CHN
WEIDONG QIAN,M45-49,CHN
XINHAI QIAN,M40-44,CHN
XIAOMING QIAN,M30-34,CHN
XUN QIAN,M40-44,CHN
ZUOYI QIN,M45-49,CHN
CHUAN QIN,M25-29,CHN
QINXUEFENG QIN,M50-54,CHN
NELSON QUEK,M45-49,SGP
CHUNGNA RAE,M30-34,KOR
JEAN-PAUL RAULINE,M35-39,FRA
BILL REESE,M60-64,USA
MARK REITH,M30-34,USA
JIANG REN,M45-49,CHN
TONGTONG REN,M35-39,CHN
CHANGGUI REN,M50-54,CHN
WALTER RENUS,M40-44,ARG
PAUL RIDDLE,M35-39,USA
MARTI ROBERT,M65-69,FRA
DAMIEN ROMAIN,M35-39,FRA
NI RONG,M45-49,CHN
XIN RONG,M30-34,CHN
MARTIN ROSENZWEIG,M25-29,DEU
NASEEMA ROUE,M45-49,GBR
SIMON ROUE,M40-44,GBR
WENQIANG RUAN,M45-49,CHN
MARTIN RUNTE,M40-44,DEU
MASANORI SAKURAI,M50-54,JPN
VICTOR SALTYKOV,M40-44,RUS
MARCOMARIANO SARRA,M45-49,ITA
FRANK SCHMAEHLING,M45-49,DEU
BURKHARD SCHMIDT,M55-59,DEU
CHRISTIAN SCHMIDT,M40-44,DEU
RALF SCHOEN,M45-49,DEU
SVEN SCHREIBER,M45-49,DEU
KAI SCHROEDER,M40-44,DEU
DANIEL SCHULTZ,M40-44,USA
JALAL SEFRAOUI,M35-39,MAR
HANSUK SEO,M30-34,KOR
TAKESHI SETOZAKI,M55-59,JPN
CHONGYUAN SHANG,M40-44,CHN
JINGXIAN SHAO,M30-34,FRA
FENG SHAO,M40-44,CHN
KA SHAO,M35-39,CHN
YIFENG SHAO,M40-44,CHN
AICHEN SHEN,M30-34,CHN
SHUILONG SHEN,M50-54,CHN
WEI SHEN,M45-49,CHN
WENHUI SHEN,M35-39,CHN
HONGWEI SHEN,M45-49,CHN
ZETIAN SHEN,M18-24,CHN
LI SHENG,M35-39,CHN
YUEWU SHENG,M45-49,CHN
ZHU SHENGXING,M50-54,CHN
BAOPING SHI,M40-44,CHN
DEQIANG SHI,M40-44,CHN
JIAHONG SHI,M40-44,CHN
JIANZHONG SHI,M45-49,CHN
JIELONG SHI,M55-59,CHN
LIANG SHI,M40-44,CHN
LINA SHI,M25-29,CHN
SHENGHAI SHI,M35-39,CHN
STONE SHI,M25-29,CHN
XIAOCHENG SHI,M25-29,USA
ZHEN SHI,M35-39,CHN
ZHONGHUA SHI,M40-44,CHN
FANGYUE SHI,M40-44,CHN
XINLING SHI,M25-29,CHN
JINCHENG SHI,M45-49,TWN
EYAL SHIMONI,M45-49,ISR
NORIKO SHINODA,M55-59,JPN
JUWEI SHU,M50-54,CHN
CHAN SIANLENG,M50-54,SGP
KEITH SIMMONS,M50-54,USA
DORIAN SIMON,M45-49,DEU
JUERGEN SIMON,M35-39,DEU
ZHANG SIQING,M40-44,CHN
JUERGEN SOELLNER,M50-54,DEU
KYLE SOLE,M30-34,ZAF
AMIN SOLTANI,M35-39,GBR
GANG SONG,M40-44,CHN
PENG SONG,M18-24,CHN
DEAN SPRAGUE,M50-54,USA
ALEX SPRINGER,M18-24,USA
TOBIAS SPRINGSTUBBE,M35-39,DEU
ANDREW STEVENSON,M35-39,GBR
MARK STRATHERN,M40-44,AUS
JING SU,M35-39,CHN
KAIYAN SU,M45-49,CHN
JUNRONG SU,M30-34,CHN
YECUN SU,M30-34,CHN
HAITAO SUN,M35-39,CHN
LEI SUN,M25-29,CHN
LIJUN SUN,M50-54,CHN
MENG SUN,M40-44,CHN
SEAGULL SUN,M40-44,CHN
SHIYI SUN,M25-29,CHN
TAO SUN,M30-34,CHN
XIAOFENG SUN,M45-49,CHN
YUE SUN,M30-34,CHN
FRAN SUR,M40-44,USA
HENDRIKG SURYADI,M35-39,IDN
ALEXANDRE SYBILLAIN,M45-49,FRA
BENOIT SYLVAIN,M35-39,FRA
KEISUKE TACHIBANA,M40-44,JPN
YU-NAN TAI,M35-39,TWN
BOONBENG TAN,M50-54,MYS
QINGHUI TAN,M35-39,CHN
SARAHLAYKEONG TAN,M50-54,SGP
WENJUN TAN,M18-24,CHN
YAOZHONG TAN,M18-24,CHN
JUN TANG,M35-39,CHN
YANG TANG,M30-34,CHN
HONGJUN TANG,M45-49,CHN
NICOLASJEAN-MARIE TANGUY,M35-39,FRA
ANTTI TANNER,M30-34,FIN
XIYU TAO,M70-74,CHN
YUFENG TAO,M30-34,CHN
TAOYUHUA TAO,M50-54,CHN
YI TAO,M30-34,CHN
RAJAN THANANAYAGAM,M45-49,LKA
CHEN TIAN,M45-49,CHN
ZIXING TIAN,M45-49,CHN
JING TIAN,M30-34,CHN
MENG TIAN,M25-29,CHN
LIU TING,M25-29,CHN
YUPENG TONG,M40-44,CHN
FRANCISCOJAVIER TORAMIRA,M45-49,ESP
ANDRES TORRES,M50-54,COL
HIDEKI TOYOKAWA,M45-49,JPN
RUSTY TRIRACER,M45-49,USA
SHANGJEN TSAI,M35-39,TWN
JEFF TSE,M40-44,USA
KAYIN TSE,M40-44,HKG
MICHAEL TSE,M50-54,HKG
TINGPIN TSENG,M60-64,TWN
ANDREY TSYGANOK,M30-34,RUS
GLYNN TURQUAND,M45-49,USA
TAKESHI UEMATSU,M55-59,JPN
MADINA UMBETOVA,M35-39,KAZ
YOSHITOMO UTSUMI,M45-49,JPN
JOEP VANMEERWIJK,M35-39,NLD
ADAM VOHMANN,M40-44,AUS
SATOKI WAKAMI,M50-54,JPN
GE WAN,M30-34,CHN
YU WAN,M35-39,CHN
CHAO WANG,M30-34,CHN
DERONG WANG,M35-39,CHN
HAN WANG,M25-29,CHN
HAO WANG,M40-44,CHN
HONGJIAN WANG,M30-34,CHN
HU WANG,M30-34,CHN
HUAISHENG WANG,M40-44,CHN
JIAN WANG,M35-39,CHN
JIANFENG WANG,M30-34,CHN
JIN WANG,M35-39,CHN
KAI WANG,M35-39,CHN
KAIYUAN WANG,M30-34,CHN
LEI WANG,M30-34,CHN
LEI WANG,M35-39,CHN
LI WANG,M30-34,CHN
LI WANG,M40-44,CHN
LINGJUN WANG,M30-34,CHN
LIWEI WANG,M30-34,CHN
NA WANG,M35-39,CHN
PENG WANG,M30-34,CHN
PENG WANG,M30-34,CHN
PU WANG,M45-49,CHN
PU WANG,M40-44,CHN
WEI WANG,M35-39,CHN
XIANGHUA WANG,M35-39,CHN
XIAOYOU WANG,M35-39,CHN
XIN WANG,M40-44,CHN
XINLI WANG,M35-39,CHN
XIYU WANG,M40-44,CHN
XUHUI WANG,M35-39,CHN
YE WANG,M45-49,CHN
YIHUI WANG,M25-29,CHN
YINGYU WANG,M55-59,CHN
ZHANLIANG WANG,M25-29,CHN
ZHENG WANG,M40-44,CHN
ZHIHONG WANG,M40-44,CHN
ZHONGYIN WANG,M40-44,CHN
ZHUOJIN WANG,M40-44,CHN
HONGXING WANG,M45-49,CHN
XINCHUN WANG,M40-44,CHN
BAOHONG WANG,M40-44,CHN
DONG WANG,M30-34,CHN
FEI WANG,M35-39,CHN
JINFU WANG,M60-64,CHN
KUNCHEN WANG,M25-29,CHN
LEI WANG,M30-34,CHN
LU WANG,M35-39,CHN
PENG WANG,M30-34,CHN
QINGCHAO WANG,M50-54,CHN
WEI WANG,M35-39,CHN
WEIYI WANG,M30-34,CHN
XIANGYANG WANG,M40-44,CHN
XUEFENG WANG,M30-34,CHN
YANLONG WANG,M30-34,CHN
YIJIANG WANG,M18-24,CHN
ZHENG WANG,M30-34,CHN
ZHENGANG WANG,M35-39,CHN
ZHICHENG WANG,M35-39,CHN
ZHIXUN WANG,M30-34,CHN
KYUNGSUN WE,M50-54,KOR
STUART WEBB,M45-49,GBR
HUA WEI,M50-54,CHN
LI WEI,M35-39,CHN
QINGPENG WEI,M40-44,CHN
WEN WEI,M30-34,CHN
YONG WEI,M35-39,CHN
JUN WEI,M35-39,CHN
JUN WEI,M45-49,CHN
JENS WEIDNER,M35-39,DEU
MARK WEIS,M40-44,AUS
JIYONG WEN,M45-49,CHN
SHUGUANG WEN,M30-34,CHN
ZHE WEN,M35-39,CHN
YAOPING WEN,M60-64,CHN
YANG WENG,M25-29,CHN
SVEN WETZEL,M40-44,DEU
ANDY WIBOWO,M35-39,IDN
LIAM WINSTON,M45-49,IRL
ANGUS WIPPELL,M50-54,AUS
PETER WOLKOWICZ,M30-34,DEU
CHIKAI WONG,M45-49,HKG
CYRUS WONG,M25-29,CHN
KWOKFAISAMMY WONG,M40-44,HKG
PATDHRAVUT WONGTANAPONSIL,M30-34,THA
GLADYS WOODS,M55-59,AUS
CHUANCHANG WU,M40-44,CHN
FAN WU,M25-29,CHN
GUANGYUAN WU,M25-29,CHN
HAO WU,M40-44,CHN
HAOTIAN WU,M35-39,CHN
HAOZHONG WU,M50-54,CHN
JUN WU,M25-29,CHN
JUN WU,M45-49,CHN
LIQI WU,M35-39,CHN
SHUXIAN WU,M40-44,CHN
WEI WU,M35-39,CHN
YAN WU,M35-39,CHN
YINGYING WU,M30-34,CHN
YU WU,M35-39,CHN
YUAN WU,M40-44,CHN
ZEGUANG WU,M35-39,CHN
HUIQIANG WU,M40-44,CHN
LEYU WU,M25-29,CHN
LI WU,M40-44,CHN
LIANCAI WU,M40-44,CHN
YUNFEI WU,M25-29,CHN
HAIJUN XIA,M40-44,CHN
BIN XIAO,M30-34,CHN
JUN XIAO,M55-59,CHN
LEI XIAO,M35-39,CHN
XIAOJING XIAO,M25-29,CHN
ZHIYONG XIAO,M40-44,CHN
FENG XIAO,M45-49,CHN
JIANXUE XIAO,M35-39,CHN
QIANG XIAO,M40-44,CHN
LIANG XIAOSONG,M50-54,JPN
YUAN XIAODONG,M40-44,CHN
BIN XIE,M35-39,CHN
DERONG XIE,M40-44,CHN
LI XIE,M30-34,CHN
MINGDONG XIE,M45-49,CHN
MINYI XIE,M25-29,CHN
QUNCE XIE,M35-39,CHN
XIMEI XIE,M45-49,CHN
XINGWU XIE,M45-49,CHN
YONG XIE,M45-49,CHN
ZHE XIE,M35-39,CHN
AOTE XIN,M18-24,CHN
WEIGUO XIN,M45-49,CHN
XIAOGANG XIN,M35-39,CHN
HAIBO XING,M30-34,CHN
QIANG XING,M45-49,CHN
XUN XING,M40-44,CHN
WANG XINGYUAN,M35-39,CHN
CHAO XU,M35-39,CHN
CHUANZHI XU,M30-34,CHN
HAIYAN XU,M45-49,CHN
JIAN XU,M30-34,CHN
JIANXIONG XU,M40-44,CHN
JINSONG XU,M45-49,CHN
KAI XU,M30-34,CHN
KE XU,M25-29,CHN
LING XU,M30-34,CHN
LINXIA XU,M45-49,CHN
LIXIAO XU,M35-39,CHN
LIZAO XU,M45-49,CHN
LU XU,M30-34,CHN
TIEZHENG XU,M35-39,CHN
WEI XU,M30-34,CHN
XI XU,M35-39,CHN
YUNJING XU,M35-39,CHN
ZHENG XU,M45-49,CHN
QIUWEN XU,M45-49,CHN
YEZHONG XU,M50-54,CHN
ZHUO XU,M40-44,CHN
MIN XU,M45-49,CHN
HANHAN XU,M30-34,CHN
GAOSHENG XU,M40-44,CHN
MENGZHOU XU,M50-54,TWN
JIDONG XUE,M35-39,CHN
JIMEI XUE,M30-34,CHN
LIANSHAN XUE,M30-34,CHN
WEIJUN XUE,M30-34,CHN
YOSHITO YAMADA,M55-59,JPN
YUMIKO YAMAGUCHI,M60-64,JPN
DAORONG YAN,M30-34,CHN
KELONG YAN,M50-54,CHN
WEIGUO YAN,M45-49,CHN
ZHEHONG YAN,M40-44,CHN
HONGMING YAN,M45-49,CHN
CHENGWEI YANG,M40-44,CHN
ENJIE YANG,M30-34,CHN
FAN YANG,M30-34,CHN
GUOQUAN YANG,M25-29,CHN
JI YANG,M40-44,CHN
PENG YANG,M45-49,CHN
QIANG YANG,M25-29,CHN
SHENGSHEN YANG,M25-29,CHN
SHIGE YANG,M45-49,CHN
WEI YANG,M25-29,CHN
WEILIANG YANG,M35-39,TWN
WURONG YANG,M25-29,CHN
XIAOXUAN YANG,M30-34,CHN
XU YANG,M30-34,CHN
YAQI YANG,M18-24,CHN
FENG YANG,M35-39,CHN
JINGANG YANG,M40-44,CHN
LEI YANG,M35-39,CHN
MENG YANG,M30-34,CHN
SONG YANG,M30-34,CHN
YU YANG,M25-29,CHN
YUGANG YANG,M50-54,CHN
AIGUO YANG,M50-54,CHN
JIANXIONG YAO,M40-44,CHN
YAOXIAODONG YAO,M45-49,CHN
ZHAN YAO,M35-39,CHN
JIANG YE,M25-29,CHN
XIAODONG YE,M35-39,CHN
CHENG YE,M35-39,CHN
FENG YE,M30-34,CHN
SUNDONG YE,M40-44,CHN
ZIWEI YE,M25-29,CHN
BAOLATI YEERJIANATI,M25-29,CHN
YAMHO YEUNG,M45-49,HKG
BAOYANG YI,M25-29,CHN
HAIFENG YI,M40-44,CHN
BEICHUAN YIZHI,M50-54,JPN
ZHU YIDONG,M40-44,CHN
LIPING YIN,M45-49,CHN
SHIJIE YIN,M35-39,CHN
RONGQIANG YOU,M35-39,CHN
YUNAN YOU,M50-54,CHN
ZEPING YOU,M45-49,TWN
IAIN YOUNG,M40-44,GBR
GUILIN YU,M40-44,CHN
HAIQUAN YU,M30-34,CHN
HANJU YU,M25-29,CHN
HONGXIN YU,M45-49,CHN
JIAN YU,M35-39,CHN
JIANBO YU,M40-44,CHN
NAISHENG YU,M45-49,CHN
SHIJUN YU,M30-34,CHN
SHUSHENG YU,M45-49,CHN
YONG YU,M30-34,CHN
ZHONGGUAN YU,M30-34,CHN
XIAODONG YU,M40-44,CHN
YUE YU,M35-39,CHN
RENKUN YUAN,M45-49,CHN
RENWEI YUAN,M50-54,CHN
YAO YUAN,M18-24,CHN
XIE YUAN,M30-34,CHN
HE YUE,M35-39,CHN
HE YUE,M35-39,CHN
CHEN YUFENG,M40-44,CHN
SU YUN,M40-44,CHN
XIE YUQUAN,M60-64,CHN
CHAOQUN ZENG,M25-29,CHN
TANGHAI ZHAN,M30-34,CHN
BO ZHANG,M40-44,CHN
BO ZHANG,M40-44,CHN
CHAO ZHANG,M25-29,CHN
CHU ZHANG,M35-39,CHN
FAN ZHANG,M50-54,USA
GUOQIANG ZHANG,M45-49,CHN
GUOQIANG ZHANG,M30-34,CHN
JIANPING ZHANG,M25-29,CHN
JUE ZHANG,M45-49,CHN
KANG ZHANG,M30-34,CHN
LEI ZHANG,M30-34,CHN
LEI ZHANG,M18-24,CHN
LI ZHANG,M30-34,CHN
LIN ZHANG,M35-39,CHN
LING ZHANG,M35-39,CHN
SHENGJIE ZHANG,M25-29,CHN
WEIBIN ZHANG,M25-29,CHN
WENYONG ZHANG,M45-49,CHN
XIAOFENG ZHANG,M50-54,CHN
XIAOHAN ZHANG,M25-29,CHN
XIAOJUN ZHANG,M45-49,CHN
XIZHI ZHANG,M30-34,CHN
XUEWEI ZHANG,M35-39,CAN
YANQIU ZHANG,M50-54,CHN
YAPING ZHANG,M45-49,CHN
YI ZHANG,M25-29,CHN
YIHE ZHANG,M30-34,CHN
YINPING ZHANG,M35-39,CHN
YONGJIE ZHANG,M30-34,CHN
YU ZHANG,M35-39,CHN
YUETING ZHANG,M40-44,CHN
ZE ZHANG,M45-49,CHN
ZHAOZHONG ZHANG,M40-44,CHN
ZHEN ZHANG,M35-39,CHN
ZHIXUAN ZHANG,M35-39,CHN
ZHIYANG ZHANG,M30-34,CHN
ZHONG ZHANG,M50-54,CHN
JUN ZHANG,M30-34,CHN
BIN ZHANG,M40-44,CHN
DIXIANG ZHANG,M25-29,CHN
HONGBIN ZHANG,M45-49,CHN
HUIFENG ZHANG,M25-29,CHN
JIAJIA ZHANG,M18-24,TWN
JUN ZHANG,M50-54,CHN
JUNJIE ZHANG,M30-34,TWN
LIANGLIANG ZHANG,M30-34,CHN
QILING ZHANG,M30-34,CHN
RUI ZHANG,M18-24,CHN
SHU ZHANG,M30-34,CHN
WEI ZHANG,M30-34,CHN
YAQIN ZHANG,M30-34,CHN
YOUQING ZHANG,M50-54,CHN
ZEHAO ZHANG,M25-29,CHN
ZHANGBODONG ZHANG,M18-24,CHN
ZHANGLANSHENG ZHANG,M55-59,CHN
ZHAOFENG ZHANG,M25-29,CHN
ZILONG ZHANG,M30-34,CHN
HUI ZHANG,M45-49,CHN
BO ZHAO,M40-44,CHN
HUI ZHAO,M40-44,CHN
LIANG ZHAO,M30-34,CHN
LU ZHAO,M40-44,CHN
MENGYU ZHAO,M35-39,CHN
RUN-YU ZHAO,M35-39,CHN
WEI ZHAO,M35-39,CHN
WEN ZHAO,M30-34,CHN
YANG ZHAO,M40-44,CHN
YUE ZHAO,M50-54,CHN
YUN ZHAO,M40-44,CHN
ZHIMING ZHAO,M30-34,TWN
HAITAO ZHAO,M60-64,CHN
HONGWU ZHAO,M45-49,CHN
JINGBO ZHAO,M35-39,CHN
LI ZHAO,M35-39,CHN
YUSHENG ZHAO,M45-49,CHN
QIWU ZHEN,M30-34,CHN
DAN ZHENG,M40-44,CHN
GUOPIN ZHENG,M40-44,CHN
HANLONG ZHENG,M25-29,CHN
JIEWU ZHENG,M30-34,CHN
MIU ZHENG,M25-29,CHN
WAYNE ZHENG,M25-29,CHN
XINXIN ZHENG,M25-29,CHN
MENGCHAO ZHENG,M45-49,TWN
QIAOLIE ZHENG,M30-34,CHN
WEIMIN ZHENG,M30-34,CHN
WEIPING ZHENG,M60-64,CHN
WENHUI ZHENG,M25-29,CHN
ZHIMING ZHENG,M35-39,TWN
FANG ZHENGJIE,M35-39,CHN
YANXIN ZHI,M40-44,CHN
LIANG ZHIMING,M18-24,CHN
WU ZHIPING,M35-39,CHN
WANG ZHIQIANG,M45-49,CHN
TIEJUN ZHONG,M35-39,CHN
BANGXI ZHOU,M30-34,CHN
HENGZHI ZHOU,M50-54,CHN
HONGKE ZHOU,M35-39,CHN
JIANG ZHOU,M35-39,CHN
JUN ZHOU,M30-34,CHN
NING ZHOU,M35-39,CHN
YANTAO ZHOU,M25-29,CHN
YUANHUI ZHOU,M45-49,CHN
ZHAOHUA ZHOU,M30-34,CHN
ZHIYU ZHOU,M40-44,CHN
BAOLIN ZHOU,M50-54,USA
YIBO ZHOU,M35-39,CHN
FENG ZHU,M35-39,CHN
GUOBING ZHU,M45-49,CHN
HAO ZHU,M35-39,CHN
HONGBIN ZHU,M45-49,CHN
JUNXIAN ZHU,M30-34,CHN
LICHANG ZHU,M30-34,CHN
WENBING ZHU,M50-54,CHN
WENWU ZHU,M45-49,CHN
XIAOKE ZHU,M30-34,CHN
YAN ZHU,M50-54,CHN
YANJUN ZHU,M40-44,CHN
YI ZHU,M30-34,CHN
YI ZHU,M30-34,CHN
YUSUN ZHU,M35-39,CHN
ZHANWEI ZHU,M35-39,CHN
BAIKE ZHU,M25-29,CHN
GUANGYUAN ZHU,M25-29,CHN
ZHUYIJUN ZHU,M35-39,CHN
QIAN ZHU,M40-44,CHN
SILIANG ZHUANG,M30-34,CHN
SONG ZHUANG,M30-34,CHN
YAN ZHUANG,M30-34,CHN
XIAODONG ZHUGE,M35-39,CHN
YU ZIQUN,M30-34,CHN
VINCENZO ZOFREA,M45-49,AUS
YILIN ZOU,M30-34,CHN
JINJIN ZUO,M25-29,CHN
FINN ZWAGER,M45-49,ARE
