2017,,,,
AGE GROUP BIB LIST,,,,
"Athletes who register after July 25, 2017 will not have race materials personalized (name on merchandise",,,,
apparel and name on race bib). Athletes will also not be assigned a bib number until Athlete Check-In.,,,,
,,,,COUNTRY
BIB #,LAST NAME,FIRST NAME,DIVISION,
,,,,REPRESENTED
,,FEMALE 18-24,,
703,BEAULIEU,LAURENCE,F18-24,CAN
704,BILDIRICI,LOTTIE,F18-24,USA
705,CAPELLA,ABBY,F18-24,USA
706,CHRISTMANN,OLIVIA,F18-24,USA
707,CICCONE,ALEXANDRA,F18-24,USA
60,CUSHING,RILEY,F18-24,USA
708,D’ONOFRIO,SARAH,F18-24,CAN
281,FISHER,LINDSAY,F18-24,USA
61,FRENCH,KAITLYN,F18-24,USA
709,GOHLKE-SCHERMER,ALI,F18-24,USA
710,HAMILTON,ALEXIS,F18-24,USA
62,JOHANSEN,KATE,F18-24,USA
711,JONES,ARYANA,F18-24,USA
712,KELLEY,GRACE,F18-24,USA
713,KNITTEL,VERONICA,F18-24,USA
714,NYE,ERICA,F18-24,USA
715,PEDROTTI,KIMBERLY,F18-24,USA
716,ROSA,ALEXA,F18-24,CAN
717,SOUCIE,CLAUDINE,F18-24,CAN
718,VILLA,NOELLE,F18-24,USA
719,WOZNIAK,PAULINA,F18-24,USA
,,FEMALE 25-29,,
720,ALIX,PAULINE,F25-29,CAN
721,ALOIS,BRIDGET,F25-29,USA
722,AMATO,GRACE,F25-29,USA
723,ANTONIETTI,SAMANTHA,F25-29,USA
724,BARRY,CATHERINE,F25-29,USA
725,BREKNE,GABRIELLA,F25-29,USA
726,CARROLL,CLARE,F25-29,USA
727,COOPER,EMILY,F25-29,USA
728,COUTU,AUDREY,F25-29,CAN
729,CYR,REBECCA,F25-29,USA
730,DELMAS-FRENETTE,CATHERINE,F25-29,CAN
731,DEPRES,BIANCA,F25-29,CAN
732,DIROLF,NICOLE,F25-29,USA
733,DRISCOLL,HADLEY,F25-29,USA
734,FIELD,DANI,F25-29,USA
735,FRANKE,MARY,F25-29,USA
736,GAUTHIER,VIRGINIE,F25-29,CAN
737,GOODWIN,LAUREN,F25-29,USA
738,GOULET-PARADIS,CATHERINE,F25-29,CAN
739,GRONDIN,STÉPHANIE,F25-29,CAN
740,HAMELIN,VIRGINIE,F25-29,CAN
741,HARSLEY,ELIZABETH,F25-29,USA
742,HUANG,JIAYAN,F25-29,USA
743,HULL,MARYANNE,F25-29,USA
744,HUNTER,MOLLY,F25-29,USA
395,IZZO,ELIZABETH,F25-29,USA
745,JANOWSKI,JESSICA,F25-29,CAN
746,JENISTOVA,TATIANA,F25-29,USA
600,JOYCE,CAITLIN,F25-29,USA
747,KELLY,ANDRÉE-ANNE,F25-29,CAN
748,KURTESSIS,KATIE,F25-29,USA
749,LAFRENIÈRE,JACYNTHE,F25-29,CAN
750,LAROCHE PAQUET,ROXANE,F25-29,CAN
751,LEBLANC,PRISCILLA,F25-29,CAN
484,LECHASSEUR,ELISE,F25-29,CAN
752,LEVENGOOD,GENA,F25-29,USA
753,LONZI,SARAH,F25-29,USA
63,LOVE,NATALIE,F25-29,USA
754,LUMIA,OLIVIA,F25-29,USA
755,MANCUSO,AMANDA,F25-29,USA
756,MATHER,VICTORIA,F25-29,USA
757,MCKENNA,LIZ,F25-29,USA
64,MOORE,KAILEIGH,F25-29,USA
758,MORAN,LAURA,F25-29,CAN
601,MORRISSETTE,ERIKA,F25-29,USA
759,MUNN,ELISE,F25-29,USA
760,NOSEWORTHY,LINDSEY,F25-29,USA
761,NOYES,LYDIA,F25-29,USA
762,OUELLET,FLORENCE,F25-29,CAN
763,PARÉ,GENEVIÈVE,F25-29,CAN
764,PARKES,CHELSEA,F25-29,USA
765,PAULSON,EMMA,F25-29,CAN
766,PIER,MARIE,F25-29,CAN
767,PROULX,VERONIQUE,F25-29,CAN
768,RADASEVICH,KATHERINE,F25-29,USA
769,RECCHIA,FIONA,F25-29,USA
770,ROCHE,ASHLEY,F25-29,CAN
771,ROSS,KAIT,F25-29,USA
772,ROSZKOWSKI,ALANNA,F25-29,CAN
773,RUSU,ANA-MARIA,F25-29,CAN
774,SAAD,SAMANTHA,F25-29,USA
775,SAVOIE,MÉLISSA-CHESSIE,F25-29,CAN
776,SCHMIDT,KRISTIN,F25-29,USA
777,SEEGER,CATHERINE,F25-29,USA
778,SHEA,MEGHAN,F25-29,USA
779,SMITH,MARIA,F25-29,USA
780,SNYDER,BRITTNEY,F25-29,USA
781,SULLIVAN,ASHLEA,F25-29,USA
782,SYLKA,JENNIFER,F25-29,USA
783,TAYLOR,JULIA,F25-29,USA
784,TROTTER,KARISSA,F25-29,USA
785,TURNER,TANYA,F25-29,USA
786,WILLOWOOD,SOPHIA,F25-29,USA
,,FEMALE 30-34,,
787,ABELL,EMILY,F30-34,USA
788,ABOUSSOUAN,STEPHANIE,F30-34,CAN
789,AIGAMAUA,ELISA,F30-34,USA
790,AMES,KIMBERLY,F30-34,USA
791,ANTISELL,JOANNA,F30-34,USA
792,BANGEL,NATASHA,F30-34,USA
793,BARBEAU,CLAUDIA,F30-34,CAN
65,BARBOSA,BIANCA,F30-34,BRA
794,BARRETTE,MÉLANIE,F30-34,CAN
396,BELLEMARE,JOELLE,F30-34,CAN
795,BLAIS,MARIE-JOSÉE,F30-34,CAN
796,BOLDUC,MARIE-MICHELLE,F30-34,CAN
397,BRODEUR,JENNIFER,F30-34,CAN
797,BROTSCH,JESSICA,F30-34,USA
485,CAHILL,BECKY,F30-34,USA
798,CANOSA,ALLISON,F30-34,USA
799,CARLSON,NATHAN,F30-34,USA
800,CARON,LISE-MARIE,F30-34,CAN
486,CHARTRAND,MICHELLE,F30-34,CAN
801,CLINE,SADIE,F30-34,USA
802,CLOUTIER,MYLÈNE,F30-34,CAN
803,COLAIACOVO,CATRINA,F30-34,USA
804,CONGER,NICOLE,F30-34,USA
282,CORWIN,JESSICA,F30-34,USA
805,CUDECK,BRITTANY,F30-34,USA
806,DALY,HOLLY,F30-34,USA
807,DEIMLING,LAURA,F30-34,CAN
808,DESROCHES,JOANNIE,F30-34,CAN
66,DOLL,AMY,F30-34,USA
67,DOLNIK,COLLEEN,F30-34,ATA
487,DONAHUE,SAMANTHA,F30-34,USA
809,DONOVAN,MEGAN,F30-34,USA
810,DUMMEYER,COLLEEN,F30-34,USA
811,ERICKSON,KYLE,F30-34,USA
68,EVANS,SARAH,F30-34,USA
812,FERRON,VALÉRIE,F30-34,CAN
813,FRINK,ELLEN,F30-34,USA
814,GARDINER,JADE,F30-34,CAN
815,GARNER,ROBIN,F30-34,USA
816,GILEJKO,MONIKA,F30-34,USA
817,GILFEATHER,DEIRDRE,F30-34,USA
818,GLASER,MICHELLE,F30-34,USA
819,GODFREY,KAITLYN,F30-34,USA
820,GODIN,JESSICA,F30-34,CAN
488,GOLDEN,JACQUELYN,F30-34,USA
821,GOTTSCHALK,KARAH,F30-34,USA
822,GRYGUS,ALLISON,F30-34,USA
823,HARRIS,BRETT,F30-34,USA
824,HARRIS,REBECCA,F30-34,USA
825,HARVEY,RACHEL,F30-34,USA
826,HE,GINA,F30-34,USA
398,HENDRICKS,MORGAN,F30-34,USA
827,HIGGINS,NICOLE,F30-34,USA
69,HINSE,STEPHANIE,F30-34,CAN
828,HORES,KATHRYN,F30-34,USA
829,HURSON,LAURIE,F30-34,USA
649,INDORF,LAUREN,F30-34,USA
830,JAMESON,DEVON,F30-34,USA
831,JARAS,OLIVIA,F30-34,CHL
832,JASINOWSKI,ALEXANDRA,F30-34,USA
833,JOHNSTON,SARAH,F30-34,USA
834,JOHNSTON-DEVOR,STEPHANIE,F30-34,USA
835,KENAUSIS,MICHELE,F30-34,USA
375,KENWELL,CARLEY,F30-34,CAN
836,KERN,CHRISTINE,F30-34,USA
837,KOUSSAYA,STEPHANIE,F30-34,CAN
838,LA HAYE,SOPHIE,F30-34,CAN
839,LAPOINTE,CHARLINE,F30-34,CAN
840,LARKIN,LINDSEY,F30-34,USA
841,LOBACZ,ARLETA,F30-34,USA
842,LOBAUGH,EMILY,F30-34,USA
70,LOEFFLER,KATE,F30-34,USA
71,LOZANO,TIFFANY,F30-34,USA
72,LUK,DANIELLE,F30-34,USA
655,LUKE,MARY,F30-34,USA
656,MAMMINA,NICOLE,F30-34,USA
843,MARCOTTE,TASHA,F30-34,CAN
844,MARCUS,STACY,F30-34,USA
845,MASSARO,MELISSA,F30-34,USA
846,MCCUAIG,JEANNA,F30-34,CAN
73,MCFADDEN,WHITNEY,F30-34,USA
283,MINER,COREY,F30-34,USA
847,MORRIS,STEPHANIE,F30-34,USA
848,MUENZBERG,ALEXANDRA,F30-34,USA
849,NANNINGA,GRACE,F30-34,CAN
850,NEITO,PAMELA,F30-34,ECU
74,OTIS,AUDRA,F30-34,USA
284,OWEN,JOANNA,F30-34,USA
851,PALASSIS,AMBER,F30-34,USA
852,PEMBERTON,PIETA,F30-34,NZL
853,POIRIER OUELLET,PAMÉLA,F30-34,CAN
854,POPLAWSKA,KASIA,F30-34,CAN
855,PRAYAL-BROWN,AUDREY,F30-34,CAN
856,PRINCE,MARYLENE,F30-34,CAN
857,PRIORI,LAUREN,F30-34,USA
858,RAVENS,RACHEL,F30-34,USA
859,RERICHA,TRACY,F30-34,USA
860,ROBISON,ASHLEY,F30-34,USA
861,ROBITAILLE,MIRIAM,F30-34,CAN
862,RONSON,JAMIE,F30-34,CAN
75,ROSENBERG,ARIELLE,F30-34,USA
863,ROWLAND,SARAH,F30-34,USA
864,RUCKS,KIMBERLY,F30-34,USA
76,SABALONES,LILAH,F30-34,USA
865,SCHERER,JULIE,F30-34,USA
866,SCHMDIT,LACEY,F30-34,USA
867,SHEEHAN,CAROLINE,F30-34,USA
868,SHEIL,CAITLIN,F30-34,USA
647,SHERMAN,RACHEL,F30-34,USA
869,SILVA,HEATHER,F30-34,USA
870,SIMON,SAMANTHA,F30-34,USA
871,SINOU,CAROLE,F30-34,CAN
872,SPAHIC,DINA,F30-34,CAN
873,STEWART,JANELLE,F30-34,USA
874,SULLIVAN,MAUREEN,F30-34,USA
875,SWITZER,AMANDA,F30-34,CAN
876,TAZI,MARIA,F30-34,USA
877,TETREAULT,EVE,F30-34,CAN
878,THARP,AMANDA,F30-34,USA
879,THOMPSON,TAYLOR,F30-34,USA
399,TIRODE,SANDRNE,F30-34,CAN
880,TREMBLAY,MARJORIE,F30-34,CAN
881,TUNAK,LINDSEY,F30-34,USA
882,TYNER,KATIE,F30-34,USA
883,VALLÉE,MÉLANIE,F30-34,CAN
884,VANDUZEN,LINDSEY,F30-34,CAN
885,VECCHIONE,AMY,F30-34,USA
886,VERSCHELDEN,LAURENCE,F30-34,CAN
887,VINCENT,MARION,F30-34,FRA
77,WAGNER,TRACI,F30-34,USA
888,WILHELM,KATEY,F30-34,USA
889,WOLK,SARAH,F30-34,USA
890,YEVZLIN,ELIZA,F30-34,CAN
78,ZUK,KITTREDGE,F30-34,USA
,,FEMALE 35-39,,
891,ALLISON,MARCI,F35-39,USA
892,ARDITO,CHRISTINA,F35-39,USA
893,BACKOFEN,JESSICA,F35-39,USA
894,BALTA,ANNA,F35-39,AUT
489,BARBIERI,LAURA,F35-39,USA
895,BARRETT,TIFFANY,F35-39,USA
896,BARRETTE,JULIE,F35-39,CAN
897,BATTELLE,VALERIE,F35-39,USA
898,BAYNE,KATE,F35-39,CAN
899,BEAUDOIN,VERONIQUE,F35-39,CAN
900,BEAULAC,NATHALIE,F35-39,CAN
901,BEAULIEU,ANNE-RENÉE,F35-39,CAN
902,BELLOWS,ANNA,F35-39,USA
903,BERGERON,JENNIFER,F35-39,USA
904,BIGLER,CILICIA,F35-39,USA
905,BLADES,STEPHANIE,F35-39,USA
906,BOISVENUE,TRINA,F35-39,CAN
490,BOUTIN,SABRINA,F35-39,CAN
907,BREIDSTER,RACHEL,F35-39,USA
908,BUSKE,SARA,F35-39,USA
909,CAMPBELL,KATIE,F35-39,USA
910,CARRILLO,GUADALUPE,F35-39,USA
79,CELLA,MARA,F35-39,USA
911,CHALMERS,JODIE,F35-39,CAN
912,CHAUDHURI,GARGI,F35-39,IND
491,CHIN,TRACY,F35-39,USA
913,CHRISTENSEN,SARAH,F35-39,USA
914,CLARKE,LAUREN,F35-39,CAN
915,COLE,ELIZA,F35-39,USA
916,COOK,CHERYL,F35-39,USA
917,CORBETT,JILL,F35-39,USA
657,COTE,ALEXIS,F35-39,USA
918,CROCHETIERE,ELYSE,F35-39,CAN
919,CROTEAU,SYLVIE,F35-39,CAN
920,DAVIES,CARYN,F35-39,USA
602,DEBELLIS,JENNY,F35-39,USA
492,DELANEY,JENNIFER,F35-39,USA
658,DELEARY,MINDI,F35-39,USA
921,DESJARDINS,SONIA,F35-39,CAN
922,DINAN,KELLY,F35-39,USA
80,DUBUC,VERONIQUE,F35-39,CAN
654,DUCKITT,ALICIA,F35-39,USA
923,DULUDE,ANNIE,F35-39,CAN
924,DUMADAG,ANGELA,F35-39,USA
81,ENNIS,BOBBIE,F35-39,USA
925,ETCHBERGER,EMILY,F35-39,USA
926,FASSNACHT,ALISON,F35-39,USA
659,FERNANDEZ,LIZ,F35-39,USA
927,FIDLER,KATIE,F35-39,USA
928,FISHER,DEANNA,F35-39,USA
929,FITTON,NATALIE,F35-39,CAN
930,FLEMING,SARAH,F35-39,USA
931,FLORES,LYDE MAE,F35-39,USA
932,FRAZER,MELINDA,F35-39,USA
933,GAGNE,MARIE-HELENE,F35-39,CAN
934,GARDINER,BRITTA,F35-39,CAN
935,GARDNER,ELIZABETH,F35-39,AUS
936,GEE,CAREESA,F35-39,CAN
937,GERMAIN,ANDREANNE,F35-39,CAN
938,GIANNI,ANDREA,F35-39,USA
939,GILFEATHER,MEAGHAN,F35-39,USA
940,GILL,RENEE,F35-39,USA
941,GINGRAS,MARIE-EVE,F35-39,CAN
942,GOLDEN,DOC,F35-39,USA
493,GORMAN,MELLEN,F35-39,CAN
943,GOSSELIN,ANABELLE,F35-39,CAN
944,GREGOIRE,MELANIE,F35-39,CAN
945,GRIFFIN,CELINE,F35-39,CAN
400,GROPPI,LAUREN,F35-39,USA
946,GROSSMAN,ILANA (LISA),F35-39,USA
947,HALL,AMANDA,F35-39,USA
948,HANSON,JENNIFER,F35-39,USA
949,HARINSTEIN,PAMELA,F35-39,USA
950,HARKINS,MELISSA,F35-39,USA
951,HARPER,SUNIDA,F35-39,THA
952,HART,JULEE,F35-39,USA
953,HERMAN,EMILY,F35-39,USA
954,HIGGINS,AMANDA,F35-39,USA
955,HILL,KRISTY,F35-39,USA
956,HOGAN,NADINE,F35-39,CAN
957,HOLMES,LINDSAY,F35-39,USA
958,HOUPT,CAMILLE,F35-39,USA
959,HUDSON,HEATHER,F35-39,USA
960,HULL,ROBIN,F35-39,CAN
82,JOHNSON,MICHELLE,F35-39,USA
961,KANDIEL,KRISTIN,F35-39,USA
962,KARSTENS,LAUREN,F35-39,ASM
963,KENDRA,KIMBERLY,F35-39,USA
964,KIRSCHBAUM,JULIE,F35-39,USA
965,KREIDER,HAZEL,F35-39,USA
966,KREIDEWEIS,ALISON,F35-39,USA
967,LABELLE,EVE-MARIE,F35-39,CAN
968,LACHAINE,ELIANE,F35-39,CAN
494,LAHAIE,VICKY,F35-39,CAN
969,LAZATIN,MARIA,F35-39,USA
970,LE,JULIA,F35-39,USA
971,LEEUW,SARAH,F35-39,USA
972,LEMIRE,NICOLE,F35-39,USA
973,LEO,CHRISTINA,F35-39,USA
285,LEON,ANAIS,F35-39,USA
83,LIN,WINCHENG,F35-39,USA
974,LOMBARDI,ABBY,F35-39,USA
975,LOUIE,KARMEN,F35-39,USA
976,MAHER,MARGARET,F35-39,USA
286,MAHONEY,LORISSA,F35-39,USA
977,MANOOSINGH,SASHA,F35-39,TTO
978,MATTHEWS,AMANDA,F35-39,USA
979,MAURICE,CAROLINE,F35-39,CAN
980,MCTIERNAN,KATHRYN,F35-39,USA
981,METZ,JENNIFER,F35-39,USA
982,MILLER,JESSICA,F35-39,USA
983,MOADEL,MARYAM,F35-39,CAN
984,MONAGHAN,SHEILA,F35-39,USA
603,MORRISON,KIM,F35-39,USA
985,MOUSTOUKA,JOHANNA,F35-39,COL
287,MURPHY,YANNIE,F35-39,AUS
986,NERENBERG,MARA,F35-39,USA
987,NEWTON,DORI,F35-39,USA
988,NOBLE,DEBRA,F35-39,USA
989,PARIKH,STACEY,F35-39,USA
401,PARKE,JUDY-ANN,F35-39,CAN
990,PARRA,RACHELLE,F35-39,USA
991,PEREIRA,KATHY,F35-39,CAN
992,PETERS,ERIN,F35-39,USA
495,PFLUGER,TIFFANY,F35-39,USA
993,PIETSCH,GRACE,F35-39,USA
994,POKRYWA,BETH,F35-39,USA
995,POWERS,SARAH,F35-39,USA
604,PUGLISI,CHRISTY,F35-39,USA
996,PURCEL,CAROLINE,F35-39,USA
997,RANDALL,KELLYANNE,F35-39,USA
496,RATTUE,MÉLISSA,F35-39,CAN
998,REDMOND,JENNIFER,F35-39,USA
999,REEP,ERIN,F35-39,USA
1000,RICHER,ANDRÉE-ANNE,F35-39,CAN
1001,RICKERT,TIFFANY,F35-39,USA
1002,RIOUX,MELISSA,F35-39,CAN
1003,RIOUX,MYLENE,F35-39,CAN
1004,RIZZA,SHELLIE,F35-39,USA
1005,ROSE,YOLANDE,F35-39,USA
1006,ROSS,ERIN,F35-39,CAN
660,ROTHMAN,JESSICA,F35-39,USA
1007,RUEL,CATHERINE,F35-39,CAN
1008,RUPARELIA,MEERA,F35-39,CAN
1009,SAMPAIO,ERIKA,F35-39,BRA
1010,SARVER,NEALY,F35-39,USA
1011,SEAMAN,LAURA,F35-39,CAN
402,SEGAL,KAYLA,F35-39,CAN
1012,SERRANO-RIEDLINGER,MONIKA,F35-39,USA
288,SIEGEL,ERICA,F35-39,USA
289,SMITH,LAUREN,F35-39,USA
1013,SMITH,MARY BETH,F35-39,USA
497,SOUCY,JULIE,F35-39,CAN
1014,SPECK,GABRIELA,F35-39,CAN
498,ST-JEAN,ÉMILIE,F35-39,CAN
1015,STOUT,LAUREN,F35-39,USA
1016,STROINEY,DEBRA,F35-39,USA
1017,SULLIVAN,KELLY,F35-39,USA
1018,TANG,STEPHANIE,F35-39,USA
1019,TEXTER,LINDSAY,F35-39,USA
1020,THAPER,KAVITA,F35-39,IND
1021,THEROUX,JENNY,F35-39,USA
499,THOMPSON,REBECCA,F35-39,USA
1022,TIAN,MIN,F35-39,USA
1023,TOOMEY,SHANNON,F35-39,USA
1024,TREESE,VICTORIA,F35-39,USA
1025,TREMBLAY,MYLENE,F35-39,CAN
500,VAILLANCOURT,JENNIFER,F35-39,USA
661,VAN GUILDER,CHRISTINE,F35-39,USA
1026,VANARSDALE,COURTNEY,F35-39,USA
501,VEILLETTE,MELANIE,F35-39,CAN
84,VITALE,JOSIE,F35-39,USA
1027,WEAVER,JANELL,F35-39,USA
1028,WEBB,HEATHER,F35-39,USA
1029,WHEELER,AMY,F35-39,USA
1030,WILKLUND,JOSEFIN,F35-39,SWE
51,WILLKOMM,ELIZABETH,F35-39,USA
1031,WOLFE,SARAH,F35-39,USA
85,WOODY,JULIE,F35-39,USA
,,FEMALE 40-44,,
1032,ACKERMAN,LAURA,F40-44,USA
1033,ADAM,JOSEE,F40-44,CAN
1034,AMESSE,MARIE-EVE,F40-44,CAN
1035,ANDERSON,HEATHER,F40-44,USA
605,ANTOLICK,LORI,F40-44,USA
1036,ARIAS,WENDY,F40-44,USA
1037,ASTALOS,JENNIFER,F40-44,USA
1038,BANKS,JENNIFER,F40-44,USA
1039,BARTLETT,MICHELLE,F40-44,USA
606,BEARDSLEY,ERIKA,F40-44,USA
1040,BEASLEY,LESLEY,F40-44,CAN
502,BELLAPIANTA,KAREN,F40-44,USA
290,BERNAZZANI,XIORLI,F40-44,USA
1041,BEVAN,MICHELLE,F40-44,USA
86,BILICH,ANGELA,F40-44,CAN
1042,BISACCIA,KARA,F40-44,USA
1043,BLANK,HEATHER,F40-44,USA
1044,BOGERT,NICKY,F40-44,USA
1045,BON,JENN,F40-44,CAN
1046,BOND,LAURA,F40-44,USA
1047,BORTOLOT,LORI,F40-44,USA
1048,BOTTICELLO,CINDY,F40-44,USA
1049,BRIERE,VALERIE,F40-44,CAN
1050,BROOKS,KELLY,F40-44,USA
1051,BROWN,YVONNE,F40-44,USA
1052,BYRNES,HOLLY,F40-44,USA
1053,CAGGIANO-SWENSON,FRANCES,F40-44,USA
503,CAOUETTE,PASCALE,F40-44,CAN
291,CAPOZZI,ERICA,F40-44,USA
1054,CARNEVALE,SARAH,F40-44,USA
1055,CARRÉ,MARIE-EVE,F40-44,CAN
87,CASARICO,JODIE,F40-44,USA
1056,CASCANETTE,MARCI,F40-44,CAN
1057,CHAGNON,SHAUNNA,F40-44,CAN
1058,CHANG,CARA,F40-44,USA
88,CHEVALIER,SARAH,F40-44,USA
1059,CLANCY-DUMONT,CATHERINE,F40-44,USA
1060,CLEVELAND,SHANNA,F40-44,USA
1061,CLOUSE,TRICIA,F40-44,CAN
1062,CONNELIE,BETH,F40-44,USA
1063,COOK,KRISTJANA,F40-44,USA
1064,COOK,SARA,F40-44,USA
1065,COOLBETH,CLAIRE,F40-44,USA
1066,COOMBES,SEREENA,F40-44,USA
1067,CORMIER,ANNIE,F40-44,CAN
1068,CREIGHTON,COLLEEN,F40-44,USA
1069,CRONKHITE,JENNIFER,F40-44,USA
1070,CROY,SUZANNE,F40-44,USA
1071,CRUZ,REBECCA,F40-44,USA
1072,CYRUS,LESLEY,F40-44,USA
1073,DAVIS,KATIE,F40-44,USA
89,DEITRICK,DANIELLE,F40-44,USA
1074,DELORENZO,BRY-ANN,F40-44,USA
1075,DEMEO,LAURA,F40-44,USA
504,DEMERS-BOURGEOIS,AIMEE,F40-44,USA
403,DICKENS,ISABELLE,F40-44,USA
1076,DIEHL,AMY,F40-44,USA
1077,DIFELICE,LAURA,F40-44,USA
1078,DOMMEL,PAULA,F40-44,USA
1079,DOUGLAS,JESSICA,F40-44,USA
1080,DRUZYNSKI,CHRISTY,F40-44,USA
1081,DUBOIS,ANNE-MARIE,F40-44,AIA
662,DUFFICY,HEATHER,F40-44,USA
1082,DUFFY,ANNE,F40-44,USA
1083,DUGAS,MARJORIE,F40-44,CAN
1084,DUMONTET,ISABELLE,F40-44,CAN
1085,DURANLEAU,KATTY,F40-44,CAN
1086,DVORSCAK,KRISTEN,F40-44,USA
1087,ECKHARDT,JENNIFER,F40-44,USA
1088,EDWARDS,ADENA,F40-44,USA
1089,EGAN,ALISON,F40-44,USA
1090,EGGERS,MARY,F40-44,USA
1091,ESPINOSA,ADRIANA,F40-44,MEX
1092,EVERETTS,STACI,F40-44,USA
1093,EWING,SUZANNE,F40-44,USA
1094,FERGUSON,KYLIE,F40-44,USA
1095,FERRARA,SILVANA,F40-44,CAN
1096,FORWARD,TANYA,F40-44,CAN
1097,FRANCIS,MORGAN,F40-44,USA
1098,FREEMAN,TARA,F40-44,USA
1099,GAGNON,ISABELLE,F40-44,CAN
1100,GAGNON,JOSEE,F40-44,CAN
1101,GARDINER,MEG,F40-44,USA
1102,GAUTHIER,VALÉRIE,F40-44,CAN
1103,GETZ,KARIN,F40-44,USA
1104,GILBERT,AUDREY,F40-44,CAN
663,GIORDANO,CHRISTINA,F40-44,USA
4026,GLOWATSKI,LAURIE,F40-44,USA
505,GOHIER,CHANTAL,F40-44,CAN
1105,GOLDBERG,KATHERINE,F40-44,USA
1106,GRANT,AMANDA,F40-44,USA
1107,GREGORY,ERIN,F40-44,USA
1108,GREGORY,ILANA,F40-44,CAN
1109,GRITSAVAGE FERGUSON,SHANA,F40-44,USA
90,GUAY,STEPHANIE,F40-44,USA
1110,HAKKARAINEN,STELLA,F40-44,FIN
1111,HANNIGAN,JENNA,F40-44,USA
1112,HANSON,TRISHA,F40-44,USA
1113,HARPAZ,SHARON,F40-44,USA
1114,HARVEY,STEPHANIE,F40-44,CAN
1115,HEATH,KRISTEN,F40-44,USA
1116,HEUSER,CAROL,F40-44,USA
1117,HOBBS,SARAH,F40-44,CAN
1118,HOLDER,SHEANA,F40-44,USA
1119,HOUPERT,MARIE-GENEVIÈVE,F40-44,CAN
1120,HUCKABEE,JODI,F40-44,USA
664,HYER,LIZ,F40-44,USA
1121,IVANITZ,CINDY,F40-44,CAN
1122,JANTZEN,LEAH,F40-44,USA
1123,JOANNETTE,CAROLINE,F40-44,CAN
1124,JOHNSON,CHRISTINA,F40-44,USA
1125,JOSKER,LISA,F40-44,USA
277,KASTRINOS,KRISTEN,F40-44,USA
1126,KEGGIN-KWONG,ADRIENNE,F40-44,USA
1127,KELLER,AIMEE,F40-44,USA
506,KESIL,JENN,F40-44,USA
1128,KILBY,KIMBERLY,F40-44,USA
292,KNIGHT,KAREN,F40-44,USA
1129,KNIPE,HELEN,F40-44,USA
1130,KURTENBACH,ANN,F40-44,USA
1131,LACOSTE,CATHERINE,F40-44,CAN
1132,LAFLAMME,SANDRA,F40-44,USA
1133,LAPORTE,TRACY,F40-44,USA
665,LAWRENCE,VIRGINIA,F40-44,USA
1134,LEGAULT,JANIK,F40-44,USA
1135,LEHOUX,NADIA,F40-44,CAN
1136,LEMONNIER,MARYSE,F40-44,CAN
1137,LETHBRIDGE,KRISTA,F40-44,CAN
1138,LEVEILLE,ANNIK,F40-44,CAN
1139,LEVINE,JESSICA,F40-44,CAN
52,LILJEGREN,MAGGIE,F40-44,USA
1140,LOVELACE,LAURA,F40-44,USA
1141,LOVETT,MANDY,F40-44,USA
1142,LOWELL,COREY,F40-44,USA
1143,LYONS,CYNTHIA,F40-44,USA
507,MACKMER,RHONDA,F40-44,USA
1144,MAIORANA,JENNIFER,F40-44,USA
1145,MALLARD,SYLVIE,F40-44,CAN
607,MALTBIE,SHARON,F40-44,USA
1146,MANOLIAS,ANNAMARIE,F40-44,USA
1147,MARLOW,MELISSA,F40-44,USA
1148,MCCAULLEY-BYRNE,SUELLEN,F40-44,USA
1149,MCCLERNON,KELLY,F40-44,USA
1150,MCCOURT,JENNIFER,F40-44,USA
1151,MCDADE,MICHELLE,F40-44,USA
1152,MCDONALD,KORY,F40-44,CAN
1153,MCDONOUGH,TRICIA,F40-44,USA
1154,MCGOWAN,LAURA,F40-44,USA
1155,MCKAY,LORI,F40-44,CAN
1156,MERCIER,CINDY,F40-44,CAN
1157,MERLA,MELANIE,F40-44,USA
1158,MERMET,NICOLE,F40-44,USA
1159,MORGANTE,HEATHER,F40-44,USA
1160,MORIN,DOMINIQUE,F40-44,CAN
91,MORSE,KATE,F40-44,USA
1161,MURPHY,ELIZABETH,F40-44,USA
608,MURRAY,COLLEEN,F40-44,USA
92,NASTO,JENNIFER,F40-44,USA
1162,NEWSOME,SARAH,F40-44,USA
1163,NGUYEN,BICH,F40-44,CAN
1164,NIXON,KRISTINA,F40-44,USA
1165,NOBLE,KRISTEN,F40-44,USA
1166,NORTH,DANIELLE,F40-44,USA
1167,O’BRIEN,CARRIE,F40-44,USA
93,ODELL,KRISTINE,F40-44,USA
1168,OLMOZ,ALICIA,F40-44,USA
1169,OVITT,NANCY,F40-44,USA
1170,PAQUETTE,SUSIE,F40-44,CAN
376,PARENT,AMY,F40-44,USA
1171,PARK,ULRIKE,F40-44,DEU
1172,PARKS,JULIE,F40-44,USA
1173,PATEK,JACKIE,F40-44,USA
1174,PATTERSON,COLLEEN,F40-44,USA
370,PAULICK,BRIGITTE,F40-44,DEU
1175,PAYTON,MELANIE E,F40-44,USA
1176,PEARSON,KAREN,F40-44,USA
1177,PECK,LEANNE,F40-44,CAN
1178,PEGG,MARIA,F40-44,CAN
599,PENDERGRAST,JULIE,F40-44,USA
1179,PENNYCUICK,RACHEL,F40-44,GBR
94,PERSON,KELLY,F40-44,USA
1180,PERSON,MELINDA,F40-44,USA
1181,PICHÉ,CHRISTINE,F40-44,CAN
1182,PILON,NATALIE,F40-44,CAN
1183,PLANTE,JODI,F40-44,USA
1184,POSTNIKOFF,TARA,F40-44,CAN
1185,POULOS,LAURIE,F40-44,USA
667,PRAZAK-DAVOLI,KRISTINE,F40-44,USA
1186,PRENDERGAST,NESSA,F40-44,CAN
1187,PRESTON,ERIN,F40-44,USA
1188,PRINCIPE,ALANI,F40-44,USA
1189,PROKOP,LIZA,F40-44,USA
1190,PUTMAN,CATHY,F40-44,CAN
1191,RAYACHOTI,MONA,F40-44,USA
95,RAYLINSKY,TARYN,F40-44,USA
96,REDER,TAMMY,F40-44,USA
1192,REILLY,AMANDA,F40-44,USA
1193,REINHARDT,KARYN,F40-44,USA
1194,REY,IRENE,F40-44,CAN
404,RICHARDS,LINDA KAY,F40-44,CAN
668,RIDDIOUGH,HEATHER,F40-44,USA
1195,RINGER,TRACY,F40-44,USA
1196,ROBIDOUX,DOMINIQUE,F40-44,CAN
1197,ROBINSON,SHANNON,F40-44,USA
1198,ROBITAILLE,ANNIE,F40-44,CAN
1199,ROCCO,JOAN,F40-44,USA
1200,RODNEY,RACHEL,F40-44,USA
53,ROSEN,LESLIE,F40-44,USA
1201,ROSENBLATT,LAURA,F40-44,USA
1202,ROSTRON,ROBIN,F40-44,USA
1203,ROUSSILLON,JENNIFER,F40-44,USA
1204,ROYER,MARIEEVE,F40-44,CAN
1205,RUIZ,BETH,F40-44,USA
1206,RUSHFORD,ANDREA,F40-44,USA
1207,RUTT,MEGAN,F40-44,USA
1208,RUTTER,BRITTANY,F40-44,USA
1209,SAUER,AMY,F40-44,USA
1210,SAUER,LYNEE,F40-44,USA
1211,SCHIECK,ANDREA,F40-44,USA
97,SCHRODER,JEANINE,F40-44,USA
1212,SCHRYBURT-BROWN,KIM,F40-44,CAN
1213,SHRESTHA,SHREEJU,F40-44,USA
1214,SIDARI,ERIN,F40-44,USA
1215,SIRIPHONLAI,UDOMLUG,F40-44,THA
1216,SMITH,ALEKS,F40-44,USA
1217,SMITH,CYNTHIA,F40-44,USA
1218,SOUIKI,IRINA,F40-44,CAN
1219,ST GERMAIN,KIM,F40-44,USA
1220,STILLMAN,CATHERINE KOH,F40-44,USA
1221,SULLIVAN,ERIN,F40-44,USA
1222,SWIFT,KAREN,F40-44,USA
669,TAGGART,JENNIFER,F40-44,USA
1223,THAUVETTE,SOPHIE,F40-44,CAN
1224,THOMAS,JULIE,F40-44,CAN
1225,TRAINI,TINA,F40-44,CAN
1226,TREMBLAY,CHRISTIANE,F40-44,CAN
1227,TROTTECHAUD,MELANIE,F40-44,CAN
98,TURPIN,CHRISTINE,F40-44,USA
1228,VANDERWOUDE,POLLY,F40-44,USA
1229,VANSLYKE,CARRIE,F40-44,USA
1230,VENTURA,DONNA,F40-44,USA
1231,VERRIER,KIM,F40-44,CAN
1232,VOIGT,KELLY,F40-44,USA
1233,WEARY,DONALD,F40-44,USA
1234,WEBB,KERRI,F40-44,USA
293,WECHTER,DEBRA,F40-44,USA
1235,WEDGEWORTH,MARIA,F40-44,SWE
1236,WERNER,JODI,F40-44,USA
1237,WEST,STEPHANIE,F40-44,USA
1238,WHARTON,JENNIFER WHARTON,F40-44,USA
1239,WHITLOCK,GABRIELLE,F40-44,CAN
1240,WOLAK,JODY,F40-44,USA
1241,WONG,AMANDA,F40-44,USA
1242,WOOD,JOSI,F40-44,USA
1243,WOODS,ANNE,F40-44,CAN
,,FEMALE 45-49,,
1244,ADAMS,MICHELLE,F45-49,USA
1245,AIENA,CINDY,F45-49,USA
1246,AITA,LUCE,F45-49,CAN
1247,ALGEO,KARYN,F45-49,USA
377,ALLEN-TURNER,KAREN,F45-49,AUS
1248,AMENTA,CARESSE,F45-49,USA
1249,ARSRAIRAS,MUANTAWAN,F45-49,THA
1250,AUSMUS,LAURA,F45-49,USA
294,BAGWELL,MARY,F45-49,USA
1251,BARD,WENDY,F45-49,USA
1252,BARRY,HANNAH,F45-49,USA
1253,BELAND,JOSEE,F45-49,CAN
1254,BELANGER,ELIZABETH,F45-49,USA
99,BELDINI,BIANCA,F45-49,USA
609,BENJAMIN,ELIZABETH,F45-49,USA
1255,BENNETT,ELENA,F45-49,USA
1256,BENTLEY,JACQUELYN,F45-49,USA
405,BERNIER,DONNA,F45-49,USA
1257,BIRKAS,JENNIFER,F45-49,CAN
508,BISHOP,WENDIE,F45-49,USA
1258,BLANCHARD,LINDA,F45-49,CAN
100,BOUCHOT,JESSIE,F45-49,SGP
1259,BRABANT,LAURA,F45-49,USA
1260,BRILLINGER,AMY,F45-49,USA
1261,BROLLY,LOURDES,F45-49,USA
1262,BROOKS,CHRISTINA,F45-49,USA
1263,BROSNAHAN,BRIDGET,F45-49,USA
1264,BROWN,CHRISTINE,F45-49,USA
670,BUDA,CORINNE,F45-49,USA
1265,BUDD,JULIE,F45-49,CAN
1266,BULL-ESTEVES,EILEEN,F45-49,USA
610,BUTLER,ANNE,F45-49,USA
1267,BYRNE,TERESA,F45-49,USA
1268,CAMPBELL,MICHELLE,F45-49,CAN
1269,CAPITANI,TANYA,F45-49,CAN
1270,CARATOZZOLO,GLORIA,F45-49,USA
671,CARBONE,TANYA,F45-49,USA
1271,CASE,KIM,F45-49,USA
1272,CHAMBERLAIN,LINNEA,F45-49,CAN
295,CHRISTIAN,CHRISTINE,F45-49,USA
1273,CICCONE,HEATHER,F45-49,USA
1274,CILLI,TONI,F45-49,VGB
1275,CLOUTIER,CLAUDINE,F45-49,CAN
1276,COLBURN,SHARON,F45-49,USA
1277,COLMAN,TAMARA,F45-49,USA
1278,CONNELL,AMANDA,F45-49,USA
1279,CORMIER,MANON,F45-49,CAN
296,DANAHY,KIMBERLY,F45-49,USA
1280,DARMODY,CARRIE,F45-49,CAN
1281,DAY,KRISTEN,F45-49,USA
1282,DELA OSSA,MARISOL,F45-49,USA
1283,DESIMINI,LAURA,F45-49,USA
1284,DIAS,ANA,F45-49,BRA
1285,DIETRICH,KRISTA,F45-49,CAN
1286,DIZON,LOUISE,F45-49,USA
1287,DOLAN-VANZANDT,COLLEEN,F45-49,USA
1288,DUNLAP,JENNIFER,F45-49,USA
297,DURKIN,KAREN,F45-49,USA
1289,EINY,GALIT,F45-49,USA
1290,EL SHERIF,JENNIFER,F45-49,USA
1291,ELDER BRADY,JENNIFER,F45-49,USA
1292,FEEHAN,KATIE,F45-49,USA
1293,FEINSTEIN,WENDY,F45-49,USA
1294,FEKETE,LISA,F45-49,USA
611,FISHER-GOLDEN,DEE,F45-49,USA
1295,FLETCHER,CRYSTAL,F45-49,CAN
298,FOSTER-LAROCQUE,DONNA,F45-49,CAN
1296,FREDETTE,FRANCINE,F45-49,USA
672,FRIEDEL,BERNADETTE,F45-49,USA
101,GALLAGHER-CRISPI,PATRICIA,F45-49,USA
1297,GANDOLFO,CELESTE,F45-49,USA
1298,GARNEAU,CHANTALE,F45-49,CAN
378,GARRISON,AMY,F45-49,USA
1299,GAUDREAU,LAURIE,F45-49,USA
1300,GEBHARD,DAWNYA,F45-49,USA
509,GELINAS,ISABELLE,F45-49,CAN
1301,GIOIELLA,ANGELA,F45-49,USA
1302,GODWIN,JUDITH,F45-49,USA
1303,GODWIN MENECHELLA,RUTH,F45-49,USA
1304,GOLLUSCIO,ELIZABETH,F45-49,USA
1305,GOROG,JUDITH,F45-49,BEL
1306,HAFFERTY,KRISTEN,F45-49,USA
1307,HARR,VALERIE,F45-49,USA
102,HARRIS,LIZ,F45-49,USA
1308,HARRIS,ELIZABETH,F45-49,USA
1309,HECK,TINA,F45-49,USA
1310,HENN,NICOLE,F45-49,USA
1311,HETHERINGTON,LISA,F45-49,CAN
103,HILL,MONIKA,F45-49,USA
1312,HOLLENBACH,CATHARINE,F45-49,USA
1313,HOLMES,MIRANDA,F45-49,USA
1314,HOWARD,TONI,F45-49,USA
104,HOWE,TANIS,F45-49,USA
1315,HWANG,SUNGWON,F45-49,USA
1316,JAQUETTE,LAURA,F45-49,USA
1317,KADAMUS,JULIE,F45-49,USA
673,KAY,ANDREA,F45-49,USA
1318,KENNEDY,PHAEDRA,F45-49,CAN
1319,KLEIN,DALE,F45-49,USA
1320,KOGUT,CHRISTINE,F45-49,USA
1321,KONDISKO,TAMMY,F45-49,USA
1322,KOROL,CONSTANCE,F45-49,USA
1323,KREISMAN,SARAH,F45-49,USA
1324,KRESGE,JENNIFER,F45-49,USA
510,KUDO,KAZUYO,F45-49,JPN
1325,KUHAR,DAWN,F45-49,USA
1326,KUPSCH,LAURA,F45-49,USA
1327,LABONTE,NATHALIE,F45-49,CAN
1328,LADOUCEUR,LEA,F45-49,CAN
105,LAMOTHE,HELENE,F45-49,CAN
44,LAVALLIERE,CARINNE,F45-49,CAN
1329,LAVOIE,JOSÉE,F45-49,CAN
1330,LEO,DEBRA,F45-49,USA
379,LETOURNEAU,KATY,F45-49,CAN
1331,LITHGOW,SANDY,F45-49,USA
406,LOHRMANN,ANNE,F45-49,USA
1332,LORANGER,MARY ELLEN,F45-49,USA
1333,LOUGHRAN,LISA,F45-49,USA
1334,LUKAC,SUZANNE,F45-49,USA
1335,LYNCH,KATHY,F45-49,USA
1336,MALANDRA,SUSAN,F45-49,USA
1337,MANFREDI,LIZ,F45-49,USA
1338,MANICCIA,DAYNA,F45-49,USA
407,MANZONI,DEANA,F45-49,USA
106,MARINO,CELESTE,F45-49,USA
1339,MARTIN,KAREN,F45-49,USA
107,MASON,JENNIFER,F45-49,USA
1340,MCCARTHY,HILARY,F45-49,USA
1341,MCCOLE,KERRY,F45-49,USA
1342,MCCUAIG,LYNN,F45-49,CAN
1343,MCELDOWNEY,MELINDA,F45-49,USA
1344,MCGILL,JENNIFER,F45-49,CAN
1345,MCGRATH,KERRY,F45-49,USA
1346,MCKENNA,TRACI,F45-49,USA
1347,MCNAUGHTON,LOIS,F45-49,USA
1348,MELE,MELISSA,F45-49,USA
1349,MESSNER,KARELLE,F45-49,USA
1350,MEUNIER,VERONIQUE,F45-49,CAN
1351,MILLS,BRENDA,F45-49,CAN
1352,MOFFET,STACEY,F45-49,USA
1353,MOLLEUR,KARINE,F45-49,CAN
1354,MONROIG,LISA,F45-49,USA
1355,MORAN,JACKELINE,F45-49,BRA
1356,MOREFIELD,ANGIE,F45-49,USA
1357,MORRONE,KELLEY,F45-49,USA
408,MURPHY,DEE ANN,F45-49,USA
1358,NEKOROSKI,LISA,F45-49,USA
1359,NELSON,CASSIE,F45-49,USA
1360,NIELSEN,JENNIFER,F45-49,USA
380,NIERMANN,MICHELE,F45-49,USA
1361,NUNN,SCHUYLER,F45-49,USA
1362,O’DONNELL,MEEGHAN,F45-49,USA
511,O’SHAUGHNESSY,DAWN,F45-49,USA
1363,PAPOOSHA,KATI,F45-49,USA
381,PAQUETTE,JULIE,F45-49,CAN
1364,PARACCA,NANETTE,F45-49,USA
108,PARADIS,MARIE-JOSEE,F45-49,CAN
1365,PARSONS,JOYCE,F45-49,USA
1366,PATT,JANET,F45-49,USA
409,PERIE-CURNIER,DELPHINE,F45-49,CAN
1367,POTVIN,MARIE-JOSÉE,F45-49,CAN
1368,POVINELLI,DEBORAH,F45-49,USA
1369,PRESTON,AMY,F45-49,USA
1370,PRICE,KENDRA,F45-49,USA
1371,PUSTERLA,JOSIANNE,F45-49,CAN
1372,READ,LEAH,F45-49,USA
1373,REISSER,MILA,F45-49,USA
410,RENAUD,KIM,F45-49,USA
1374,RHODES,STANCIE,F45-49,USA
299,RICH,KATE,F45-49,USA
1375,RIGUTTO VIGLIATORE,LORA,F45-49,CAN
1376,ROBERTS,CAROLYN,F45-49,USA
674,ROTHSCHILD,MARCIA,F45-49,BRA
1377,ROUSSEAU,JOHANNE,F45-49,CAN
1378,RUANE,TERRI,F45-49,USA
411,SANTERRE,SONIA,F45-49,CAN
1379,SATTLER,RACHEL,F45-49,USA
1380,SAUICKIE,JENNIFER,F45-49,USA
1381,SAUNDERS,LISA,F45-49,CAN
1382,SCHNELL,DANIELLA,F45-49,USA
1383,SCHUHL,KELLI,F45-49,USA
1384,SCHULTZ,GILDA,F45-49,USA
1385,SCILINGO,DARLENE,F45-49,USA
1386,SHAW,AMY,F45-49,USA
300,SIMMONS,JADY,F45-49,USA
1387,SIMON,KRISTA,F45-49,ASM
1388,SIMONS,MICHELLE,F45-49,USA
109,SKIBINSKI,SUZANNE,F45-49,USA
1389,SKINNER,JODY,F45-49,CAN
1390,SMYTH,GINA,F45-49,CAN
1391,SOO HOO,LILIAN,F45-49,USA
1392,SPECK,SILVIA,F45-49,CAN
1393,STANTON,RACHEL,F45-49,USA
110,STARK-FLORA,MARIE-PIERRE,F45-49,USA
1394,STCLAIRE,DINA,F45-49,USA
1395,STEVENS,TORI,F45-49,USA
1396,STURKENBOOM,BRENDA,F45-49,CAN
512,SWIFT,TAMMY,F45-49,USA
1397,TEHAN,KERRY,F45-49,USA
675,TESTA,DAWN,F45-49,USA
1398,THOMPSON,ANN-MARIE,F45-49,CAN
1399,THOMPSON,MONICA,F45-49,USA
1400,THOMPSON,PHILLIPA,F45-49,CAN
1401,TILLINGHAST,CRISTIN,F45-49,USA
1402,TWEEDY,RACHEL,F45-49,CAN
1403,URTECHO,ELIZABETH,F45-49,USA
1404,VACHON,SYLVIE,F45-49,CAN
1405,VANVALEN,KATHY,F45-49,USA
1406,VILLA,ANTOINETTE NIQ,F45-49,USA
1407,VILLENEUVE,NANCIE,F45-49,CAN
1408,VOORHEES,AMY,F45-49,USA
1409,WALSH,MAUREEN,F45-49,USA
1410,WATERS,SARAH,F45-49,CAN
1411,WATSON,SHARI,F45-49,USA
1412,WEISS,RACHEL,F45-49,USA
1413,WELSH,NANCY,F45-49,USA
1414,WHITE,JENNIFER,F45-49,CAN
1415,WIESNER,ALICE,F45-49,USA
1416,WINARCHICK,CAMI,F45-49,USA
1417,WOBBE,MELISSA,F45-49,USA
1418,YOUNG,BRENDA,F45-49,CAN
301,YUHAS,ALICIA,F45-49,USA
1419,ZILBERMAN,CAROLYN,F45-49,USA
,,FEMALE 50-54,,
1420,AMBROSE,ANNEMARIE,F50-54,USA
1421,ANNETT,CAROL,F50-54,GBR
1422,ANZALONE,CAROL ANNE,F50-54,USA
16,AUCHINACHIE,KATHERINE,F50-54,USA
1423,BAKER,LINDA E,F50-54,USA
412,BANKS,PATTY,F50-54,USA
1424,BARRE,CAROLINE,F50-54,CAN
1425,BARTLETT,CLAIRE,F50-54,CAN
1426,BAUMAN,SUZANNE,F50-54,USA
1427,BECK,DEBORAH,F50-54,USA
513,BERGERON,CHERYL,F50-54,USA
413,BLAKE,GILLIAN,F50-54,GBR
1428,BLANKET,STACI,F50-54,USA
1429,BOSMAN,MARIE,F50-54,USA
612,BOTTILLO,KATHLEEN,F50-54,USA
1430,BREEN,COLLEEN,F50-54,USA
1431,BRUSHETT,LISA,F50-54,USA
1432,BURTON,ELIZABETH,F50-54,USA
1433,CARIGNAN,FRANCE,F50-54,CAN
1434,CARR-WALDRON,TANYA,F50-54,USA
1435,CAULEY,KIM,F50-54,CAN
1436,CELESTE,CATHERINE,F50-54,USA
1437,CERELLI,DEB,F50-54,USA
111,COLE,JOANNE,F50-54,USA
1438,CONSTANCE,LAWSON,F50-54,USA
1439,COOPER,ELISABETH,F50-54,USA
1440,COSS,ANGIE,F50-54,CAN
1441,CROMP,TRACY,F50-54,USA
1442,CRUZ,LEEANN,F50-54,CAN
1443,CUNNINGHAM,CAROL,F50-54,CAN
1444,CURTIS,KAREN,F50-54,USA
1445,CUYLER,MONIQUE,F50-54,USA
1446,DAUGHERTY,MELANIE,F50-54,USA
1447,DECOSTE,CHANTAL,F50-54,CAN
1448,DEEKS,TANYA,F50-54,CAN
1449,DERRICK,KATHY,F50-54,USA
1450,DION,MICHELLE,F50-54,USA
1451,DIPIETRO,KAREN,F50-54,USA
1452,DOMINICI,LISA,F50-54,USA
1453,DONNELLY,CHERYL,F50-54,CAN
1454,DOUGLAS,TAMSIN,F50-54,CAN
1455,DU PUY,CATHERINE,F50-54,CAN
1456,DUBIN GROSSMAN,JOY,F50-54,USA
1457,DUCROS,SUE,F50-54,CAN
1458,EHRING,SUSAN,F50-54,USA
1459,EHRING,SUSAN,F50-54,USA
1460,ELLSWORTH,KRISTI,F50-54,USA
1461,EMERICK,NANCY,F50-54,USA
1462,FARISH,STACEY,F50-54,ATG
1463,FISH,LAURIE,F50-54,USA
1464,FLAVIN,SUSAN,F50-54,USA
514,FRAWLEY,MARIE,F50-54,USA
1465,FRIEDLAENDER,DIANE,F50-54,USA
1466,FURNESS,JULIE,F50-54,USA
1467,FUTRELL,LIZ,F50-54,USA
1468,GARDELLA,LILA,F50-54,USA
1469,GAREAU,ANNE-MARIE,F50-54,CAN
1470,GETLEIN,ARLEEN,F50-54,USA
1471,GIROUX,MONIQUE,F50-54,CAN
1472,GOHLKE,MARTHA,F50-54,USA
1473,GOLDMAN,FAYE,F50-54,CAN
1474,GOODWIN,MICHELE,F50-54,USA
1475,GOZIK-TYSON,TERESA,F50-54,USA
1476,GUELFI,MICHELE,F50-54,USA
515,HAGENBERG,ALISA,F50-54,USA
1477,HAMILTON,RAUNE,F50-54,USA
1478,HATCH,NANETTE,F50-54,USA
112,HEARNEY,LORI,F50-54,USA
1479,HERLEYTREMBLAY,MICHELE,F50-54,CAN
613,HISLOP,KRISTEN,F50-54,USA
1480,HOOKER,KIM,F50-54,USA
516,HOOPER,MICHELLE,F50-54,CAN
302,HORN,CARRIE,F50-54,USA
1481,HOUH,NANCY,F50-54,CAN
1482,HUGHES,BETH,F50-54,ARM
1483,INSLEY,MARCIA,F50-54,USA
1484,IRWIN,IRENE,F50-54,IRL
1485,JACKENTHALL,STEFANI,F50-54,USA
1486,JOHNSON,CHARLOTTE,F50-54,USA
1487,JOHNSTON,KARIN,F50-54,CAN
1488,JOHNSTON,THERESE,F50-54,USA
414,KERR,MIDGE,F50-54,USA
517,KESTER,KRISTINE,F50-54,USA
1489,LAFAVE,DARCI,F50-54,USA
1490,LALONDE,JOHANNE,F50-54,CAN
1491,LAPIE,FREDERIQUE,F50-54,CAN
1492,LARKIN,ANDREA,F50-54,CAN
1493,LAROCHE,ELISE,F50-54,CAN
518,LEDUC,SYLVIE,F50-54,CAN
1494,LISOWSKI,ANGELA,F50-54,USA
1495,LOWER,JENNY,F50-54,CAN
1496,LUCIANO,JUNE,F50-54,USA
1497,MARCELLIS,HEATHER,F50-54,USA
1498,MARINO,TAMMY,F50-54,USA
1499,MATTEAU,DOMINIQUE,F50-54,CAN
1500,MAY,DONNA,F50-54,USA
1501,MCGLYNN,BARBARA,F50-54,USA
1502,MCGORRY,LAURIE,F50-54,USA
1503,MCLARNON,LAURA,F50-54,CAN
1504,MCLEAN,CAROL,F50-54,CAN
1505,MECH,VIRGINIA,F50-54,CAN
1506,MELILLO,ELIZABETH,F50-54,USA
1507,MEYER,DEBORAH,F50-54,USA
1508,MEYER,JEANNE,F50-54,USA
1509,MIANI,LAURA,F50-54,USA
1510,MICHEL,CAROLINE,F50-54,CAN
1511,MILEWSKI,DORENE,F50-54,USA
113,MILLNER,EVE,F50-54,USA
1512,MORMANDO,KIMBERLY,F50-54,USA
114,MULFORD,SHEILA,F50-54,USA
1513,MURRAY,KAREN,F50-54,USA
1514,OLIPHANT,LAURA,F50-54,USA
1515,OTTO,MARY,F50-54,USA
1516,PELADEAU,SYLVIE,F50-54,CAN
1517,PEPPER,KRISTINE,F50-54,USA
1518,PETERSEN,KRIS,F50-54,USA
519,PIANKA,STEPHANIE,F50-54,USA
1519,PINCUS,LISA,F50-54,USA
415,PLANT,KRISTINE,F50-54,CAN
115,PLUMP,CAROLYN,F50-54,USA
1520,POIRIER,SUZANNE,F50-54,CAN
116,QUASEM,HOLLY,F50-54,USA
1521,QUESADA,AIMEE,F50-54,USA
1522,RAINERI,REGINA,F50-54,USA
1523,RALSTON,CAROLYN,F50-54,USA
1524,REINHART,MJ,F50-54,USA
303,ROBINSON,SHELLY,F50-54,USA
1525,ROBINSON,RINA,F50-54,USA
1526,ROBLES,TERESA,F50-54,USA
1527,ROSEN,AMY,F50-54,USA
1528,ROSTEK,WENDY,F50-54,CAN
1529,ROWE,MELISSA,F50-54,USA
1530,SAVARIA,NATHALIE,F50-54,CAN
416,SCHEUING,LAURIE,F50-54,USA
1531,SCHWARM,SHERRY,F50-54,USA
1532,SEARFOSS,MEGAN,F50-54,USA
1533,SHEA,JANICE,F50-54,USA
1534,SHEPPARD,VARINYA,F50-54,USA
1535,SIMARD,BRIGITTE,F50-54,CAN
1536,SIMMONS,KAREN,F50-54,USA
1537,SMALLACOMB,DENISE,F50-54,USA
1538,STAGER,MOLLY,F50-54,USA
1539,STRUTZ,LAURA,F50-54,USA
304,SULLIVAN,PAMELA,F50-54,USA
1540,SUTTON,ADRIENNE,F50-54,CAN
1541,TAPPER,LYNNE,F50-54,USA
305,TAYLOR,DEB,F50-54,USA
1542,THOMPSON,MARY,F50-54,USA
520,TRACHTENBERG,ANNE,F50-54,USA
306,TULLY,KIMBERLY,F50-54,USA
278,TYLER,WENDY,F50-54,USA
1543,UNDERWOOD,TAMARA,F50-54,USA
1544,VAIL,GINGER,F50-54,USA
17,VELASQUEZ,DIANTHA,F50-54,USA
1545,VOIGHT,LORIE ANN,F50-54,USA
521,VONSCHANTZ,DEANA,F50-54,USA
1546,WALKER,RONDA,F50-54,USA
307,WALSH,BARBARA,F50-54,USA
1547,WALTMAN,TRISHA,F50-54,USA
1548,WARD,KATHY,F50-54,USA
1549,WEINBLATT,CYNTHIA,F50-54,USA
1550,WELCHANS,JEN,F50-54,USA
1551,WHITE,SHANNON,F50-54,USA
1552,WILDE,JENNIFER,F50-54,CAN
1553,WILLARD,MARCE,F50-54,USA
417,WILLIAMS,ANN,F50-54,USA
1554,WOJNAR,JENNY,F50-54,USA
1555,YOUNG,SHELLY,F50-54,USA
1556,ZANET-DEGRUCHY,KAREN,F50-54,CAN
117,ZEPNICK,TAMI,F50-54,USA
1557,ZRYBKO,CAROL,F50-54,USA
,,FEMALE 55-59,,
1558,BARBE,LORRAINE,F55-59,CAN
1559,BARRY,NANCY,F55-59,USA
1560,BASHAW,SHARI,F55-59,USA
1561,BEDARD,SOLANGE,F55-59,USA
1562,BERGMAN,CATHY,F55-59,CAN
1563,BIALKOWSKI,MARIANNE,F55-59,CAN
1564,BODOH,NANCY,F55-59,USA
1565,BOIES,DENISE,F55-59,CAN
1566,BOURASSA,ISABELLE,F55-59,CAN
1567,BROWN,CATHERINE,F55-59,CAN
1568,BROWNE,KINNON,F55-59,USA
1569,BRYAN,AMY,F55-59,USA
1570,CAMPBELL,AMY,F55-59,USA
1571,CAMPBELL,AMY,F55-59,USA
1572,CERAMI,VICTORIA,F55-59,USA
1573,CHANDLER,KERRY,F55-59,USA
1574,CHAPMAN,JANICE,F55-59,USA
418,CHASE,ALICIA,F55-59,USA
1575,CHING,MICHELLE,F55-59,USA
1576,CLINTON,EILEEN,F55-59,USA
1577,CONTSE,MEL,F55-59,USA
1578,COTTRELL,ROBIN,F55-59,USA
1579,CREGAN,JANIE,F55-59,USA
1580,CROLL,DEDRA,F55-59,USA
419,CRONIN,BARBARA,F55-59,USA
1581,CRONK,MARIA,F55-59,CAN
1582,CROWLEY,KATHLEEN,F55-59,USA
420,DAYAN,KAREN,F55-59,USA
1583,DERY,MARY,F55-59,USA
1584,DORMAN,DEBBIE,F55-59,USA
1585,DOUGLAS,LYNN,F55-59,USA
1586,EGLE-CAPELLA,JACKIE,F55-59,USA
614,ELLING,KIRSTEN,F55-59,USA
1587,FAUST,CINDY,F55-59,USA
1588,GIOVANELLI,LESLEY,F55-59,USA
1589,GOODE,DIANE,F55-59,USA
1590,GUTHRIE,CHRISTINE,F55-59,USA
118,HAMPSON,ALEXANDRA,F55-59,CAN
1591,HEALEY,CAROL,F55-59,USA
1592,HOLT,CHERYL,F55-59,USA
522,HOUCK,MARY,F55-59,USA
1593,IRELAND,HEATHER,F55-59,CAN
308,JACOBOVITZ,GLORIA,F55-59,USA
1594,JEWETT,SUE,F55-59,CAN
1595,JOHNSTON,PATRICIA,F55-59,USA
1596,JORDAN,BARBARA,F55-59,USA
119,KOPP,PAULA,F55-59,USA
1597,LANDERS,JOAN,F55-59,USA
1598,LATTIMORE,CHRISTINE,F55-59,CAN
1599,LAWSON,LAURA,F55-59,USA
1600,LEFEBVRE,JOHANNE,F55-59,CAN
1601,MACHNOUK,MAYE,F55-59,CAN
1602,MARIANO,SHARON,F55-59,USA
1603,MATTHEWS,LYNN,F55-59,USA
1604,MCCABE,MEG,F55-59,USA
1605,MCCULLOUGH,JAN,F55-59,USA
1606,MCDONALD,LORI,F55-59,USA
1607,MCKINLEY,ANNMARIE,F55-59,USA
1608,MITCHELL,DIANE,F55-59,USA
523,MORDA,COLLEEN,F55-59,USA
1609,MOSER,LISA,F55-59,USA
1610,MUNCH,SHEILA,F55-59,CAN
309,MURPHY,ANNE,F55-59,CAN
1611,NADON,CAROLE,F55-59,CAN
1612,NATAL,EVELYN,F55-59,USA
1613,NESBITT,JEAN,F55-59,USA
1614,NORTON,JEAN,F55-59,USA
1615,NUNES,JACQUELINE,F55-59,USA
1616,OATWAY,BRENDA,F55-59,CAN
1617,PAONE,MAUREEN,F55-59,USA
1618,PHOENIX,ANNE-MARIE,F55-59,CAN
1619,POWERS,VERNA,F55-59,CAN
1620,RAHAMAN,SOROYA,F55-59,USA
382,RAPPAPORT,AMY,F55-59,USA
1621,RATLIFF,HEIDI,F55-59,USA
1622,RAYNIS MEEKER,CATHY,F55-59,USA
1623,REMAIS,ELENA,F55-59,USA
1624,ROBERTS,THERESA,F55-59,CAN
1625,ROCHE,CHRISTINE,F55-59,CAN
1626,RODGER,TERRI,F55-59,USA
1627,ROSEN,ELAINE,F55-59,USA
1628,RYAN,MARY,F55-59,USA
1629,SALMO,GWENDOLYN,F55-59,USA
1630,SEETO,ELIZABETH,F55-59,CAN
1631,SHERLOCK,CAROL,F55-59,USA
1632,SIRAKOVSKY,SUSAN,F55-59,USA
120,SISSON,PAM,F55-59,USA
1633,SLEDZINSKI,ROBIN,F55-59,USA
1634,SNOW,CATHY,F55-59,USA
1635,SNYDER,KAREN,F55-59,CAN
1636,STOEFFLER,LIESBETH,F55-59,USA
1637,SZRIFTGISER,PATRICIA,F55-59,USA
1638,TOUSIGNANT,ODETTE,F55-59,CAN
650,VANEK,DENISE,F55-59,USA
1639,VERRETTE,MARYSE,F55-59,CAN
1640,VERSCHELDEN,MICHELLE,F55-59,CAN
1641,VIEIRA,DEBRA,F55-59,USA
524,VINCENT,FRANCES,F55-59,USA
1642,WEST,ELIZABETH,F55-59,USA
1643,WYATT,COLLEEN,F55-59,USA
421,ZELLER,EMILIA,F55-59,USA
,,FEMALE 60-64,,
422,ABRAHAMZON,TERI,F60-64,USA
1644,BERGERON,ROSE,F60-64,USA
1645,BILLINGSLEY,DIANA,F60-64,USA
1646,BLATTSPIELER,CAROL,F60-64,USA
1647,BRADSHAW,LYNN,F60-64,USA
1648,BRUNSWICK,CANDANCE,F60-64,USA
121,CARSON,SHERRY,F60-64,CAN
1649,DAHME,ELIZABETH,F60-64,USA
310,DALEY,MARY,F60-64,USA
676,DELANEY,PEGGY,F60-64,USA
1650,FARRELL,LINDSAY,F60-64,USA
1651,FOLEY,BARBARA,F60-64,USA
1652,GOEDEKE,DEBBY,F60-64,USA
1653,HANS,NANCY,F60-64,USA
1654,HEWITT-DELOHERY,LYNNE,F60-64,USA
122,HUETHER,LORRAINE,F60-64,USA
1655,JONAS,HOLLY,F60-64,USA
1656,LEARY,KATE,F60-64,USA
1657,LOCKERBIE,LAURIE,F60-64,CAN
1658,LUSTENHOUWER,DONNA,F60-64,USA
1659,MACNABB,PAT,F60-64,USA
1660,MEANY,KATHY,F60-64,USA
1661,NOBLE,KAREN,F60-64,USA
1662,PAGE,PATTY,F60-64,USA
615,PHILLIPS,MARGARET,F60-64,USA
423,RACETTE,CLAIRE,F60-64,CAN
123,ROBB,KATHLEEN,F60-64,USA
1663,ROBERTSON,LAUREN,F60-64,USA
124,SALMON,JOAN,F60-64,USA
1664,SCHEK,VINNI,F60-64,USA
1665,TABEEK,GRACE,F60-64,USA
1666,TABOR,COLETTE,F60-64,USA
125,TOUHEY,VIRGINIA,F60-64,USA
1667,WATSON,PAULINE,F60-64,CAN
1668,WEINPRESS,EILEEN,F60-64,USA
1669,WRIGHT,POLLY,F60-64,USA
,,FEMALE 65-69,,
126,BOETTRICH,ELLEN,F65-69,USA
1670,FARRELL,GEORDIE,F65-69,CAN
1671,SHAW,PATRICIA A,F65-69,CAN
,,FEMALE 70-74,,
424,MOREY,SHARON,F70-74,USA
1672,VENDRAMINI,CLAIRE B,F70-74,CAN
,,MALE 18-24,,
1673,AUCLAIR,PHILIPPE,M18-24,CAN
425,BARTON,TYLER,M18-24,USA
1674,CELENTANO,DAVID,M18-24,USA
1675,COUSINO,WILLIAM,M18-24,USA
1676,CRONEY,MALIK,M18-24,CAN
1677,DI PISA,ALEXANDRE,M18-24,CAN
426,EHRING,JUSTIN,M18-24,USA
1678,FAUTEUX,DAVID,M18-24,CAN
127,FRONTERHOUSE,HAYDEN,M18-24,USA
311,GABOR,JOHN,M18-24,USA
1679,GOUIN,JÉRÉMY,M18-24,CAN
128,GOUWS,FRANCOIS,M18-24,ZAF
1680,HASPER,JON,M18-24,USA
1681,HAUSER,DANIEL,M18-24,USA
1682,KLOPFENSTEIN,GARY,M18-24,USA
1683,LEWIS,ADAM,M18-24,USA
1684,PADUA,AUSTIN,M18-24,USA
1685,PETUTIS,ANTHONY,M18-24,USA
525,ROSA,ANTHONI,M18-24,CAN
1686,SANTANA,BRANDON,M18-24,USA
1687,SINGH,AMARJIT,M18-24,IND
1688,SMITH,RYAN THOMAS,M18-24,CAN
,,MALE 25-29,,
129,ARCURI,FRANK,M25-29,USA
130,BAILEY,ADAM,M25-29,GBR
1689,BEATTY,BRIAN,M25-29,USA
1690,BEAUCHEMIN,SIMON,M25-29,CAN
1691,BILODEAU,MAXIME,M25-29,CAN
131,BOYLSON,BRENTON,M25-29,USA
1692,BROWN,CHRISTOPHER,M25-29,USA
1693,BULLEN,BLAIZE,M25-29,USA
1694,BUTLER,THOMAS,M25-29,USA
1695,CHARTRAND,ZACHARY,M25-29,CAN
1696,CHEN,YANG,M25-29,USA
383,CORRIGAN,SEAN,M25-29,CAN
1697,CURRIE,JOSEPH,M25-29,USA
1698,DAVIS,SEAN,M25-29,USA
1699,DECKER,PATRICK,M25-29,USA
1700,DEVINS,KOREY,M25-29,USA
384,DOMBROWSKI,BRANDON,M25-29,USA
1701,D’SOUZA,PATRICK,M25-29,GBR
1702,DUDDLESTON,JOHNATHAN,M25-29,USA
1703,FESS,PHILIP,M25-29,USA
1704,FETALINO,JUVERT JAY,M25-29,USA
1705,FORSYTHE,ERIK,M25-29,USA
677,FRANCESCO,NICHOLAS,M25-29,USA
18,GALLO,MATT,M25-29,USA
1706,GÉLINAS,MATHIEU,M25-29,CAN
1707,GREENAWAY,MARTY,M25-29,CAN
1708,HARVEY,CONNOR,M25-29,USA
132,HELMS,WESTON,M25-29,USA
1709,HITCH,JASON,M25-29,USA
526,JOHNSON,THOMAS,M25-29,USA
527,KENNEDY,AARON,M25-29,CAN
1710,KOHLER,ERICH,M25-29,CHE
616,KONDERWICH,MIKE,M25-29,USA
1711,LABERGE BRIERE,THOMAS,M25-29,CAN
1712,LACHANCE-TREMBLAY,ÉRIC,M25-29,CAN
1713,LEWIS,TYLER,M25-29,USA
1714,LOVE,VINCENT,M25-29,USA
312,LUPINACCI,LOUIS,M25-29,USA
1715,MARCOTTE,MAXIME,M25-29,CAN
133,MASTERS,ANDREW,M25-29,AUS
1716,MCLOUGHLIN,KEITH,M25-29,CAN
1717,MORELLI,DANIEL,M25-29,CAN
134,MUNCH,KEVIN,M25-29,USA
1718,MURRAY,TYLER,M25-29,USA
135,NANDWANI,VIMAL,M25-29,GBR
313,NASO,JOHN,M25-29,USA
1719,NGU,FRANKY,M25-29,CAN
1720,NGUYEN,DANIEL,M25-29,CAN
1721,PAUKKUNEN,NIK,M25-29,CAN
1722,POIRIER,WILLIAM,M25-29,CAN
1723,POLANCO,DAVID,M25-29,USA
427,RINGUET,JULIEN,M25-29,CAN
1724,ROMAN,KENNY,M25-29,USA
1725,RUTKOWSKI,CODY,M25-29,USA
1726,SABOURIN,FRÉDÉRIC,M25-29,CAN
1727,SAUNDERS,JAKE,M25-29,USA
1728,SCOTT,JEFFREY,M25-29,CAN
1729,SHAVER,ERIC,M25-29,USA
1730,SICKLES,ANDREW,M25-29,USA
314,SINGER,AARON,M25-29,CAN
1731,SINGH,VIKRAM,M25-29,USA
1732,SMITH,JESSE,M25-29,USA
1733,SULLIVAN,CORY,M25-29,USA
1734,TANGUAY,DAVID,M25-29,CAN
315,TAYLOR,BRANDON,M25-29,USA
1735,TOWNLEY,BRODIE,M25-29,CAN
1736,TOWNLEY,STRATTON,M25-29,CAN
1737,TSCHIDA,TYLER,M25-29,USA
1738,VECCHIONE,PAUL,M25-29,USA
1739,WARD,JASON,M25-29,USA
1740,WILLOWOOD,CHRIS,M25-29,USA
136,ZAMORE,DOV,M25-29,USA
,,MALE 30-34,,
1741,ARCHAMBAULT,NICOLAS,M30-34,CAN
1742,ATTIA,DYLAN,M30-34,USA
137,BARATZ,ALEXANDER,M30-34,USA
1743,BAX,MICHAEL,M30-34,USA
138,BINDELGLASS,PERRY,M30-34,USA
1744,BLAIS,JEROME,M30-34,CAN
1745,BREKNE,CRAIG,M30-34,USA
1746,BROWN JR,MICHAEL,M30-34,USA
1747,BURNS,DONALD,M30-34,CAN
139,BUYUKA,HAZAR,M30-34,TUR
1748,BUZZELLI,KEVIN,M30-34,USA
1749,BYRNE,TIMOTHY,M30-34,USA
140,CADIEU,IAN,M30-34,USA
1750,CALLAHAN,CORY,M30-34,USA
1751,CALLY,DAMIEN,M30-34,CAN
1752,CHAGOT,ROMAIN,M30-34,CAN
1753,CHAN,ALEXANDER,M30-34,CAN
1754,CHARTRAND,JEFF,M30-34,CAN
1755,CHIN,ARTHUR,M30-34,USA
1756,CICHON,JONATHAN,M30-34,USA
1757,CLARKE,RYAN,M30-34,USA
1758,CONNOLLY,NICHOLAS,M30-34,USA
1759,CONWAY,DAVID,M30-34,USA
1760,COPELAND,JAMES,M30-34,GBR
1761,CORNACCHIA,RYNE,M30-34,USA
141,CRAVEN,MICHAEL,M30-34,USA
1762,CRIMMINS,FRED,M30-34,USA
1763,CROSSLEY,TIM,M30-34,USA
1764,CURTAS,BRANDON,M30-34,CAN
1765,DALEY,TIMOTHY,M30-34,USA
1766,DARBY,CHRISTOPHER,M30-34,USA
1767,DAVIDSON,ALEXANDER,M30-34,CAN
1768,DAVIS,BRENDAN,M30-34,USA
1769,DELANEY,MATTHEW,M30-34,USA
528,DESLAURIERS,LOUIS-PIER,M30-34,CAN
1770,DIANA,ABRAHAM,M30-34,USA
1771,DIETERICH,CHRIS,M30-34,USA
1772,DIMATTEO,NICK,M30-34,USA
1773,DIROLF,ISAAC,M30-34,USA
529,DO,HENRI,M30-34,CAN
1774,DOMPIERRE,ALEXANDRE,M30-34,CAN
1775,DONAWAY,DAVID,M30-34,USA
1776,DONG,COREY,M30-34,USA
530,ESPEJO,MICHAEL,M30-34,USA
1777,FAHNER,CHRIS,M30-34,USA
1778,FARRELL,JAMES,M30-34,USA
142,FEIN,BENJAMIN,M30-34,USA
1779,FETZER,PETER,M30-34,USA
1780,FINK,FREDERICK,M30-34,CAN
1781,FITZWATER,LUKE,M30-34,USA
1782,FORAN,JOHN,M30-34,USA
1783,FORD,MATTHEW,M30-34,USA
1784,FORTIN,GEORGES-ETIENNE,M30-34,CAN
1785,FOURNIER,SAMUEL,M30-34,CAN
1786,FREY,KEVIN,M30-34,USA
1787,GASIUNAS,LAURYNAS,M30-34,LTU
1788,GERHARDT,MIKE,M30-34,USA
143,GIFUNI,ANTHONY,M30-34,CAN
1789,GRAEF,JOSH,M30-34,USA
1790,GRIMM,MATTHEW,M30-34,USA
1791,GUERINI,GUILLERMO,M30-34,BRA
1792,HAROSTOCK,MICHAEL,M30-34,USA
40,HASSON,LARRY,M30-34,CAN
1793,HEIL,AUSTIN,M30-34,USA
531,HOFF,BEN,M30-34,USA
1794,HOTRUM,GEOFF,M30-34,CAN
1795,HUTCHISON,ROBERT,M30-34,USA
646,INDORF,JASON,M30-34,USA
1796,JACKLIN,BRIAN,M30-34,CAN
1797,JACKSON,ANDREW,M30-34,USA
1798,JAMES,CEDRIK,M30-34,CAN
1799,JOBIN,SIMON,M30-34,CAN
1800,JOHNSON,ADRIAN,M30-34,USA
54,KECHEJIAN,CHRISTOPHER,M30-34,USA
1801,KING,BRENDAN,M30-34,USA
532,KLEIN,JEFFREY,M30-34,USA
1802,KOLBUSZ,PAUL,M30-34,USA
1803,KORONKIEWICZ,VINCENT,M30-34,CAN
1804,KUHN,JACK,M30-34,USA
1805,LAJEUNESSE,YANICK,M30-34,CAN
1806,LAMBERT,ALEXIS,M30-34,CAN
1807,LAVOIE,GUILLAUME,M30-34,CAN
1808,LE MEUR,JEAN-BAPTISTE,M30-34,FRA
1809,LEE,BRANDON,M30-34,USA
1810,LEQUENNE,BRUNO,M30-34,CAN
428,LITALIEN,RYAN,M30-34,USA
1811,LYNCH,ALEXANDRE,M30-34,CAN
1812,MALO,LAURENT,M30-34,CAN
1813,MARCHON,PATRICE,M30-34,CAN
1814,MARTEL,ERIC,M30-34,CAN
1815,MASWICK,JAMES,M30-34,USA
1816,MATTHEWS,MIKE,M30-34,CAN
1817,MCCOPPIN,AARON,M30-34,USA
1818,MCHALE,RYAN,M30-34,USA
1819,MCKENNA,TAYLOR,M30-34,USA
533,MERCHET,SEBASTIEN,M30-34,FRA
1820,MILLER,ANDREW,M30-34,USA
1821,MILLER,JOHN,M30-34,USA
1822,MONGOLD,KYLE,M30-34,USA
1823,MONTOYA,JUAN,M30-34,CAN
144,MORTON,MICHAEL,M30-34,USA
316,NEVINS,DARRYL,M30-34,USA
1824,NGUYEN,STEVEN,M30-34,CAN
1825,NISHII,AKITO,M30-34,USA
1826,NORELLI,ANDREW,M30-34,USA
145,OTIS,COLLIN,M30-34,USA
1827,PALASSIS,ANDREW,M30-34,USA
146,PENOYER,CHAD,M30-34,USA
1828,PERRY,AARON,M30-34,USA
1829,PIANKO,MOSHE,M30-34,USA
1830,PODZALINE,MICHAEL,M30-34,USA
534,POGGI,GINO,M30-34,ECU
1831,POIRIER,MATHIEU,M30-34,CAN
1832,QUISUMBING,ORESTES MIKHAIL,M30-34,USA
1833,RAY,DARREN,M30-34,CAN
147,REESMAN,JARED,M30-34,USA
1834,RICHARD,CHRISTOPHER,M30-34,USA
1835,RIGGS,BEAU,M30-34,USA
1836,RIZZA,PHIL,M30-34,USA
1837,ROBERTSON,MATT,M30-34,CAN
1838,ROLLAND,FRANCIS,M30-34,CAN
1839,ROSALES,STEFAN,M30-34,PHL
148,ROSENBERG,DONNY,M30-34,USA
1840,ROUSSEAU,ALEXANDRE,M30-34,CAN
1841,RUSKOWSKI,ADAM,M30-34,USA
1842,SEMENCHUK,JARED,M30-34,CAN
1843,SEO,WILLIAM,M30-34,USA
1844,SHORT,JASON,M30-34,USA
149,SHUKOVSKY,ADAM,M30-34,USA
1845,SINGER,MICHAEL,M30-34,USA
150,SMITH,AUSTIN,M30-34,USA
535,SMITH,CAMERON,M30-34,USA
651,STANOSZEK,NICK,M30-34,USA
1846,STANTON,LEE,M30-34,USA
1847,SULIGA,DOUG,M30-34,USA
151,SUTTON,JESSE,M30-34,USA
1848,TANZI,MICHAEL,M30-34,USA
1849,TETLOW,JUSTIN,M30-34,USA
1850,THERIAULT,FRANCIS,M30-34,CAN
617,TIBERIO,TOM,M30-34,USA
152,TOLDNES,TIM,M30-34,CAN
1851,TONIETTO,VINCENT,M30-34,CAN
153,TOWNE,BRENTON,M30-34,USA
1852,TUBO,KARL JANSEN,M30-34,PHL
1853,TURCOTTE,MATHIEU,M30-34,CAN
536,VAILLANCOURT,SIMON,M30-34,CAN
154,VALLECORSA,GREG,M30-34,USA
429,VIGNEAULT,DAVE,M30-34,CAN
1854,VIP SURNAME576,VIP NAME576,M30-34,CAN
1855,VOLETSKY,HOWARD,M30-34,USA
1856,WALLMAN,FREDERIC,M30-34,CAN
1857,WELSH,TIMOTHY,M30-34,USA
1858,WHALEN,MARK,M30-34,USA
1859,WILSON,MICHAEL,M30-34,USA
1860,YAO,GIANCARLO,M30-34,USA
,,MALE 35-39,,
1861,ADAMSHICK,MIKE,M35-39,USA
618,ADELMANN,SCOTT,M35-39,USA
1862,ANDRITZ,JEFFREY,M35-39,USA
1863,ARENDOSH,STEPHEN,M35-39,USA
1864,ASTRUP,RYAN,M35-39,USA
1865,AUBERT,BENOIT-FÉIIX,M35-39,CAN
155,BABCOCK,CHARLES,M35-39,USA
1866,BACHAND,FRANCIS,M35-39,CAN
1867,BEAUDOIN,ERIC,M35-39,CAN
1868,BÉDARD,BENOIT,M35-39,CAN
1869,BEKKARI,MOHAMED,M35-39,CAN
1870,BELLANTONI,MICHAEL,M35-39,USA
1871,BENSON,ZACH,M35-39,USA
317,BOHAN,JAMES,M35-39,USA
1872,BOUCHER,ETIENNE,M35-39,CAN
1873,BOWMAN,JEFF,M35-39,CAN
1874,BRADLEY,ALEX,M35-39,USA
1875,BREEDING,EVAN,M35-39,USA
1876,BRETON,HUGO,M35-39,CAN
1877,BROCHU,RAPHAEL,M35-39,CAN
1878,BROWN,DELANO,M35-39,USA
1879,BROWNLEE,KEN,M35-39,CAN
1880,BRUNELLE,PATRICE,M35-39,CAN
1881,BRUNKE,MATT,M35-39,USA
1882,BUCKLEY-JONES,MARK,M35-39,ZAF
156,BULLARD,DAMIEN,M35-39,USA
1883,BURGESS,JAY,M35-39,USA
1884,BUSSO,CHRISTOPHER,M35-39,USA
430,CAIAZZA,RICHARD,M35-39,USA
157,CAIN,BRIAN,M35-39,USA
318,CAMILO,HECTOR,M35-39,USA
619,CARTER,CHRISTOPHER,M35-39,USA
1885,CASCIARO,MICHAEL,M35-39,USA
1886,CASTRONOVO,EMILIO,M35-39,USA
1887,CHANTHAVONG,TONY,M35-39,CAN
1888,CHENETTE,TOM,M35-39,USA
1889,CHISHOLM,ALASDAIR,M35-39,ZAF
620,CHRISTIAN,JAMES,M35-39,USA
1890,CHRISTOPHEL,CRAIG,M35-39,USA
1891,CICERO,PAUL,M35-39,USA
537,CLOUTIER,JEAN-PHILIPPE,M35-39,CAN
1892,COCHET,MARC,M35-39,CAN
1893,COHEN,RYAN,M35-39,USA
1894,COLON,DANIEL,M35-39,PRI
1895,COOLEY,MICHAEL,M35-39,USA
1896,CORNICK,JEFF,M35-39,USA
1897,COSTELLO,KEVIN,M35-39,USA
1898,COSTELLO,PATRICK,M35-39,USA
1899,COSTOLO,JONATHAN,M35-39,USA
158,CUADRA JR,JAIME,M35-39,NIC
1900,DANIELS,BRIAN,M35-39,USA
1901,DASILVA,PAULO,M35-39,USA
1902,DAVIS,SCOTT,M35-39,USA
1903,DAZÉ,JEAN-FRANÇOIS,M35-39,CAN
431,DECKER,JAMES,M35-39,USA
432,DELANEY,RYAN,M35-39,USA
1904,DERKACK,JUSTIN,M35-39,USA
1905,DESROSIERS,SIMON,M35-39,CAN
45,DOLLY,CODY,M35-39,USA
1906,DONNELLY,CRAIG,M35-39,USA
1907,DROWNE,MATT,M35-39,USA
1908,DRUZYNSKI,DAVID,M35-39,USA
1909,DUBOIS,YANNICK,M35-39,CAN
1910,DYKE,ALAN,M35-39,USA
159,EDWIN,DERRICK,M35-39,USA
1911,FANG,GENE,M35-39,USA
1912,FARBER,MICHAEL,M35-39,USA
1913,FARNUM,DAVID,M35-39,USA
55,FIGG,NATHAN,M35-39,USA
678,FINN,BRADLEY,M35-39,USA
538,FISCH,ROBERT,M35-39,USA
1914,FITTON,JASON,M35-39,CAN
160,FLOWER,NICK,M35-39,AUS
1915,FONTE,PAUL,M35-39,USA
1916,FORERO,CHRIS,M35-39,COL
1917,FORGETT,DANIEL,M35-39,USA
1918,FUSE,SHINICHIRO,M35-39,JPN
539,GARCIA,CHARLES,M35-39,USA
1919,GAUTHIER,MARTIN,M35-39,CAN
1920,GIL,FELIX,M35-39,USA
1921,GILLOTTE,NICHOLAS,M35-39,USA
1922,GIRARD,PATRICK,M35-39,CAN
1923,GORDON,DANIEL,M35-39,USA
1924,GRAY,SEAN,M35-39,USA
1925,GRENIER,MATHIEU,M35-39,CAN
1926,GRIFFITH,GEORGE,M35-39,USA
161,GROSSMAN,KEVIN,M35-39,USA
1927,GRYGLEWICZ,PAUL,M35-39,CAN
1928,GUSTAVESON,BRIAN,M35-39,USA
1929,HAMEL,SIMON,M35-39,CAN
1930,HAMELIN,COREY,M35-39,USA
162,HANSEN,JACOB,M35-39,USA
433,HARRINGTON,JAMES,M35-39,USA
1931,HARRISON,MARK,M35-39,CAN
1932,HARSLEY,DENNIS,M35-39,USA
163,HATCH,DANIEL,M35-39,USA
1933,HEIMER,GREGG,M35-39,USA
1934,HIGGINS,JAMES,M35-39,USA
1935,HIGGINS,JEFFREY,M35-39,USA
1936,HILIMON,BRAD,M35-39,USA
1937,HOEY,MATTHEW,M35-39,CAN
1938,HOLLENDER,KEITH,M35-39,USA
164,HOWARD,CURTIS,M35-39,USA
1939,HOY,ERIK,M35-39,USA
540,HUDSON,BRIAN,M35-39,USA
1940,HULBERT,KIMBAL,M35-39,USA
1941,HULBURT,KEVIN,M35-39,USA
1942,HUNTER,FRANK,M35-39,USA
434,IRSCH,MISCHA,M35-39,DEU
1943,JENSEN,JACK,M35-39,CAN
165,JOHNSON,ERIK,M35-39,USA
1944,JOHNSTON,DAVID,M35-39,USA
166,JONES,DAVID,M35-39,IRL
1945,KAHALE,JUSTIN,M35-39,CAN
1946,KEMP,SCOTT,M35-39,CAN
1947,KENNEDY,PETER,M35-39,USA
1948,KENNY,PETER,M35-39,USA
1949,KOCH,STEFAN,M35-39,DEU
1950,KREMPA,JEFFREY,M35-39,USA
1951,LAJEUNESSE,SEAN,M35-39,CAN
167,LAND,JD,M35-39,USA
1952,LANE,BRIAN,M35-39,USA
1953,LATTA,WILLIAM,M35-39,USA
1954,LECOMPTE,MARC ANDRÉ,M35-39,CAN
541,LEISEY,ROBERT,M35-39,USA
1955,LEITH,DAVID,M35-39,CAN
1956,LEMAY-GELINAS,PHILIPPE,M35-39,CAN
621,LESTERIV,CHUCK,M35-39,USA
1957,LEWIS,MICHAEL,M35-39,USA
1958,LIBRE,JOHN,M35-39,USA
1959,LITSTER,PETER,M35-39,CAN
1960,LOPEZ,ANDRES,M35-39,USA
1961,MANDELLO,MARC,M35-39,USA
1962,MANGUNE,ARIS,M35-39,PHL
1963,MASONE JR.,RONALD,M35-39,USA
435,MAYRAND,BRUCE,M35-39,USA
1964,MCGILL,MATT,M35-39,USA
1965,MCKEE,RYAN,M35-39,USA
1966,MCNAMARA,JEREMY,M35-39,USA
1967,MÉNARD,FRÉDÉRIC,M35-39,CAN
542,MENZIONE,RALPH,M35-39,USA
1968,MICHAUD,FRÉDÉRICK,M35-39,CAN
319,MICHELINI,MATTHEW,M35-39,USA
168,MIER,RODRIGO,M35-39,CAN
1969,MOHAMED,KARIM,M35-39,EGY
1970,MOLINA,NESTOR,M35-39,USA
1971,MOSA,PAUL,M35-39,USA
1972,MUSCARELLA,JOSEPH,M35-39,USA
1973,NADEAU,PIERRE-ALEXANDRE,M35-39,CAN
1974,NANUS,JEREMY,M35-39,USA
1975,NENTARZ,MATTHEW,M35-39,USA
622,NG,ALAN,M35-39,USA
169,NIEDERBUHL,JAY,M35-39,USA
19,NOEL,KEN,M35-39,USA
1976,NOLS,CHRISTIAN,M35-39,CAN
170,O’DONNELL,CHARLES,M35-39,USA
1977,O’DONNELL,MICHAEL,M35-39,USA
1978,ORLOSKI,JOHN,M35-39,USA
1979,OWENS,CHRISTOPHER,M35-39,USA
1980,PACCIOLLA,DAVID,M35-39,CAN
171,PATENAUDE,MIKE,M35-39,CAN
1981,PAWLISA,GREG,M35-39,USA
1982,PECK,DYLAN,M35-39,USA
172,PERHACS,JAMES,M35-39,USA
320,PERRY,CHRIS,M35-39,USA
1983,PFAFFE,TYSON,M35-39,USA
1984,PINARD,PAUL,M35-39,CAN
1985,PLACHECKI,MATT,M35-39,CAN
1986,PLATT,BRANDON,M35-39,USA
1987,POLKINGHORNE,MARK,M35-39,CAN
1988,PRESSER,NAFTALI,M35-39,USA
1989,PRICE,MATT,M35-39,USA
1990,PURNEY,NATHAN,M35-39,USA
1991,QUIGLEY,SEAN,M35-39,USA
623,RASHFORD,GREG,M35-39,USA
1992,RICHER,WILLIAM,M35-39,CAN
1993,RIGGS,JERRE,M35-39,USA
1994,RISTORI,MICHAEL,M35-39,USA
1995,RIVARD,JEAN NICOLAS,M35-39,CAN
1996,ROBBINS,JONATHAN,M35-39,USA
1997,ROGER,DONALD,M35-39,CAN
20,ROMLEY,JEFF,M35-39,USA
1998,ROSSI,MICHAEL,M35-39,USA
173,ROTHMAN,MICHAEL,M35-39,USA
679,ROTHMAN,DEAN,M35-39,USA
1999,SABAT,MARCIN,M35-39,POL
2000,SAKKAS,GEORGE,M35-39,CAN
2001,SANTIAGO,PATRICK,M35-39,USA
2002,SCALZO,FRANK,M35-39,USA
648,SCHMITT,TOMMY,M35-39,USA
436,SCHOENBORN,JULIEN,M35-39,CAN
2003,SCORDILIS,PETER,M35-39,USA
437,SCOTT,JUSTIN,M35-39,USA
2004,SCRAFFORD,DANIEL,M35-39,USA
438,SHRADER,STEVEN,M35-39,USA
2005,SHULTS,BRYAN,M35-39,USA
2006,SIDNEY,ELBAZ,M35-39,CAN
2007,SILVERMAN,DAVID,M35-39,USA
2008,SINCLAIR,ETHAN,M35-39,CAN
2009,SMITH,KEVIN,M35-39,ZAF
2010,SMITH,TARL,M35-39,USA
174,SPILLANE,JEFFREY,M35-39,USA
175,STEFANO,CHRIS,M35-39,USA
2011,STOCKER,WILLIAM,M35-39,USA
439,SULLIVAN,JOSEPH,M35-39,USA
2012,SWANN,CRAIG,M35-39,CAN
2013,SWARTWOOD,KEITH,M35-39,USA
385,TAMBELLINI,MATT,M35-39,USA
2014,TAN,JOHN,M35-39,USA
2015,TEDESCO,ALEXANDER,M35-39,USA
2016,THARRETT,JUSTIN,M35-39,USA
2017,THEORET,MATHIEU,M35-39,CAN
543,TICCONI,PETER,M35-39,USA
2018,TROMBLEY,CHARLES,M35-39,USA
544,TRUMBO,MICHAEL,M35-39,USA
2019,TRZASKA,TOMASZ,M35-39,POL
176,TUCKER,SCOTT,M35-39,USA
2020,TUCKER,CARL,M35-39,USA
2021,VAN PELT,ROBERT,M35-39,NLD
177,VAN YPEREN,JASON,M35-39,USA
2022,VARGAS,JESUS,M35-39,MEX
2023,VERONNEAU,MARTIN,M35-39,CAN
2024,VINCENT,JULIAN,M35-39,GBR
2025,WALDMAN,BENJAMIN,M35-39,USA
2026,WESTIN,ROB,M35-39,USA
2027,WILDSMITH,JAMES,M35-39,CAN
2028,WILLIAMS,DANIEL,M35-39,GBR
2029,WOLEN,DAN,M35-39,USA
2030,WOLLNER,ERICH,M35-39,USA
2031,YEVZLIN,DMITRI,M35-39,CAN
2032,YOULEN,KYLE,M35-39,USA
2033,ZOLETA,JOSEPH,M35-39,USA
178,ZUK,CHRISTOPHER,M35-39,USA
,,MALE 40-44,,
2034,AGUILAR,MICHAEL,M40-44,USA
2035,ALEXANDER,SEAN,M40-44,USA
2036,ALMOND,BILL,M40-44,USA
321,ANELLI,TODD,M40-44,USA
2037,ARCE,LUIS,M40-44,MEX
2038,ARRINGTON,BRAM,M40-44,USA
2039,AUBREE,NICOLAS,M40-44,CAN
56,BAIUNCO,GREGORY,M40-44,USA
2040,BALL,IAN,M40-44,CAN
180,BARBIER,LUIS,M40-44,USA
2041,BARRICK,KEVIN,M40-44,USA
2042,BASHFORTH,PAUL,M40-44,USA
181,BASTOW,JEFF,M40-44,USA
182,BAUER,JEFFREY,M40-44,USA
2043,BEASLEY,NATE,M40-44,USA
2044,BEAULIEU,PATRICK,M40-44,CAN
2045,BEDARD,SIMON,M40-44,CAN
2046,BELLAPIANTA,JOSEPH,M40-44,USA
2047,BENNETT,PETER,M40-44,IRL
2048,BENSON,DANIEL,M40-44,CAN
2049,BERGERON,DAVID,M40-44,USA
440,BERNARD,JONATHAN,M40-44,CAN
183,BERTI,ROBERTO,M40-44,GTM
2050,BESSETTE,JF,M40-44,CAN
2051,BEVAN,JACOB,M40-44,USA
2052,BILLER,BRETT,M40-44,USA
2053,BILLETTE,GHYSLAIN,M40-44,CAN
2054,BINTLEY,MARK,M40-44,CAN
2055,BISHOP,TODD,M40-44,USA
545,BLACKMORE,MATTHEW,M40-44,CAN
2056,BLAIK,PAUL,M40-44,CAN
2057,BLISS,KEVIN,M40-44,USA
2058,BLONDIN,PHILIPPE,M40-44,CAN
2059,BOERGERS,RICHARD,M40-44,USA
2060,BOGGS,CORY,M40-44,USA
2061,BOILY,NICOLAS,M40-44,CAN
2062,BORDIERI,JOE,M40-44,USA
184,BORG,ERIC,M40-44,MLT
2063,BORIS,JEFFREY,M40-44,USA
2064,BOSE,MINTO,M40-44,GBR
46,BOTTOMS,JONATHAN,M40-44,USA
2065,BOWCUTT,CHRIS,M40-44,USA
2066,BREWSTER,THOMAS,M40-44,USA
185,BROWN,ANDY,M40-44,USA
2067,BUSSIERES,NICHOLAS,M40-44,CAN
2068,BUT,OLEKSANDR,M40-44,CAN
546,BYRNE,JONATHAN,M40-44,IRL
2069,BYRNES,JEFFREY,M40-44,USA
276,CABRAL,ROGERIO,M40-44,BRA
2070,CAIN,DOUG,M40-44,CAN
2071,CALABRESE,DAVID,M40-44,USA
2072,CAMPBELL,JAMIE,M40-44,USA
2073,CAMPEAU,PATRICK,M40-44,CAN
547,CARDINAL,PAOLO,M40-44,CAN
186,CARDONA-FOX,JENARO,M40-44,USA
2074,CAREY,AARON,M40-44,USA
2075,CARON,JEROME,M40-44,CAN
2076,CAROTHERS,BEN,M40-44,USA
2077,CARRERA,LOUIS,M40-44,USA
680,CASEY,CHRIS,M40-44,USA
2078,CASEY,CHRISTOPHER,M40-44,USA
2079,CASSIDY,TIM,M40-44,USA
371,CASTRO,PETER,M40-44,USA
2080,CHARPENTIER,DANICK,M40-44,CAN
2081,CHIARO,JAMES,M40-44,USA
2082,CHRISTENSEN,TOR,M40-44,USA
187,CHRISTIAN,BENJAMIN,M40-44,USA
2083,CIAPPARA,ALEX,M40-44,CAN
2084,CIPRIANO,GIUSEPPE,M40-44,CAN
2085,CLOUTIER,LOUIS-PHILIPPE,M40-44,CAN
2086,COARR,MATT,M40-44,USA
2087,COFFMAN,ADAM,M40-44,USA
2088,COLEMAN,JOHN,M40-44,USA
2089,CONNERY,BRIAN,M40-44,USA
2090,COOK,MATT,M40-44,CAN
548,COPPOLECCHIA,MATTHEW,M40-44,USA
441,CORCORAN,BRENDAN,M40-44,USA
47,COTE,FREDERIC,M40-44,CAN
2091,COULIS,CHRIS,M40-44,USA
2092,CRAVEN,NATE,M40-44,USA
2093,CUMMINGS,JAMES,M40-44,GBR
188,CUTLER,PETER,M40-44,USA
57,DALBONI,RENATO,M40-44,CAN
2094,DANG,ANH,M40-44,VNM
2095,DANIELSEN,KEN,M40-44,USA
2096,DANIELUC,DAN,M40-44,ROU
2097,DARLING,KYLE,M40-44,USA
681,DAVID,RAY,M40-44,PHL
2098,DEL POZO,BRANDON,M40-44,USA
624,DELUCA,JASON,M40-44,USA
2099,DELVECCHIO,DAVID,M40-44,USA
2100,DESROSIERS,MARTIN,M40-44,CAN
2101,DIXSON,JAMES,M40-44,USA
2102,DOLAN,STEVE,M40-44,USA
189,DOLDT,BRYAN,M40-44,USA
2103,DOMINGUEZ,HUGO,M40-44,CAN
2104,DORFMAN,JUSTIN,M40-44,USA
2105,DOTSON,SEAN,M40-44,USA
2106,DUVAL,STEVE,M40-44,CAN
386,DYBALA,MICHAEL,M40-44,CAN
682,EBLE,BRANDON,M40-44,USA
2107,ERNEST,ROBERT,M40-44,USA
2108,ERWIN,CHRISTOPHER,M40-44,USA
2109,FABI,RYAN,M40-44,CAN
2110,FASSLER,JESS,M40-44,USA
2111,FELTON,JASON,M40-44,USA
2112,FERNANDES,RODRIGO,M40-44,BRA
2113,FERREIRA,MICHAEL,M40-44,CAN
2114,FISHER,SIMON,M40-44,USA
549,FORTIER,SIMON,M40-44,CAN
550,FORTIN,VINCENT,M40-44,CAN
551,FORTUNA,TIMOTHY,M40-44,USA
2115,FORWARD,CHAD,M40-44,CAN
2116,FRISBIE,ROBERT,M40-44,USA
442,FULK,DAN,M40-44,USA
322,GALLINELLI,DOMENICO,M40-44,USA
2117,GALLMON,BERT,M40-44,USA
2118,GALVIN,MARC,M40-44,USA
2119,GARCEAU,MARTIN,M40-44,CAN
2120,GAREAU,SIMON,M40-44,CAN
2121,GERGELY,STEVE,M40-44,USA
2122,GILLEY,BRAD,M40-44,USA
625,GILSON,DAVE,M40-44,USA
2123,GIORDANO,DAVID,M40-44,USA
626,GOLDEN,JONATHAN,M40-44,USA
2124,GOSSELIN,BENOIT,M40-44,CAN
190,GOULD,NATHANIEL,M40-44,USA
443,GOUPIL,DANIEL,M40-44,CAN
2125,GRANOBLES,ANDRES,M40-44,USA
2126,GRASSMANN,STEVEN,M40-44,USA
2127,GRIER,CASEY,M40-44,USA
2128,GRIMM,RICHARD,M40-44,USA
2129,GUÉVIN,MATHIEU,M40-44,CAN
2130,HALL,BRENDAN,M40-44,USA
2131,HALL,GLEN,M40-44,CAN
2132,HALL,SETH,M40-44,USA
2133,HAMEL,CHRISTIAN,M40-44,CAN
2134,HANSEN,DARREN,M40-44,USA
2135,HARTMAN,DAVID,M40-44,USA
2136,HEAD,MARC,M40-44,CAN
2138,HEDMAN,BENJAMIN,M40-44,USA
2139,HELINGER,KEVIN,M40-44,USA
444,HENRY,RICHARD,M40-44,USA
2140,HEYES,BRETT,M40-44,ZAF
2141,HICKEY,KEVIN,M40-44,USA
552,HINDER,CHRISTOPH,M40-44,CHE
323,HOLKO,JUSTIN,M40-44,USA
2142,HORTON,ANTHONY,M40-44,USA
2143,HOUPERT,MATHIEU,M40-44,CAN
2144,HUYNH,BINH,M40-44,USA
2145,HYLA,BRIAN,M40-44,USA
553,INOUE,KEISUKE,M40-44,JPN
2146,ISAKOV,ALEKSEY,M40-44,USA
554,ISRAEL,ERIC,M40-44,USA
2147,IVANOV,IVO,M40-44,USA
2148,JACKMAN,HEATH,M40-44,USA
2149,JACKSON,AARON,M40-44,CAN
191,JELENIEWSKI,THOMAS,M40-44,USA
2150,JOHNSON,KYLE,M40-44,USA
2151,KAMIN,ANDY,M40-44,USA
627,KATZMAN,JOSHUA,M40-44,USA
2152,KELLAND,JIMMY,M40-44,CAN
2153,KIM,JEREMY,M40-44,KOR
192,KINDERMAN,ROBERT,M40-44,USA
2154,KNIGHT,MATTHEW,M40-44,USA
2155,KOFFMAN,ELIE,M40-44,CAN
2156,KONDISKO,JOSEPH,M40-44,USA
2157,KONDISKO JR.,JIMMY,M40-44,USA
2158,KORTZ,CHAD,M40-44,USA
2159,KRESSLY,TIM,M40-44,USA
2160,KUCSMA,SCOTT,M40-44,USA
2161,KURMOZA,ROMAN,M40-44,CAN
2162,KUZNETSOV,ANATOLY,M40-44,RUS
2163,LACOURSIERE,ERICK,M40-44,CAN
445,LAFORGE,SERGE,M40-44,CAN
2164,LAJEUNESSE,PATRICE,M40-44,CAN
193,LAKE,JEFFREY,M40-44,USA
2165,LAMB,DALE,M40-44,USA
58,LAMBERT,JEAN-ALEXANDRE,M40-44,CAN
2166,LANDRY,SYLVAIN,M40-44,CAN
555,LAPENSEE,PASCAL,M40-44,CAN
2167,LARAMEE,PASCAL,M40-44,CAN
2168,LARUE,MICHAEL,M40-44,USA
2169,LATAILLE,DANNY,M40-44,CAN
2170,LEBRUN,MATHIEU,M40-44,CAN
2171,LEFEVRE,JEAN,M40-44,HTI
683,LEFKOF,KEITH,M40-44,USA
2172,LENZNER,JONATHAN,M40-44,USA
2173,LEROUX,STEVE,M40-44,CAN
2174,LIU,ALLEN,M40-44,USA
2175,LOFTUS,CHRISTOPHER,M40-44,USA
2176,LOUTHAN,KELLEY,M40-44,USA
2177,LOVETT,BRIAN,M40-44,USA
2178,LYON,DAVE,M40-44,USA
194,LYSEK,JONATHAN,M40-44,USA
2179,MACLEAN,NEAL,M40-44,CAN
195,MAHONEY,MICHAEL,M40-44,CAN
2180,MAILHOT,ALEXANDRE,M40-44,CAN
446,MALISANI,LOUIS,M40-44,CAN
2181,MANGUAL,EDGAR,M40-44,USA
196,MANNO,STEFFAN,M40-44,USA
2182,MARCOTTE,JEAN-FRANCOIS,M40-44,CAN
2183,MARKS,DAVE,M40-44,USA
652,MARTIN,ROB,M40-44,USA
2184,MARTZEN,ROBERT,M40-44,USA
2185,MATHER,JEFF,M40-44,USA
2186,MAYNARD,STEVE,M40-44,USA
2187,MCGOWAN,COLIN,M40-44,USA
2188,MCHUGH,BRIAN,M40-44,USA
197MCIVER,,PHILLIP,M40-44,USA
2189,MCLANE,KEVIN,M40-44,USA
2190,MCMORRIS,MATTHEW,M40-44,USA
2191,MCNEELY,JUSTIN,M40-44,CAN
447,MEEK,RYAN,M40-44,USA
2192,MENDELSOHN,DAVID,M40-44,USA
2193,MERTES,DAN,M40-44,USA
2194,METLER,CORY,M40-44,USA
2195,MEYER,KEITH,M40-44,USA
2196,MICHELMAN,JACOB,M40-44,USA
198,MILLSTONE,DAVID,M40-44,USA
2197,MISCHENKO,MARK,M40-44,USA
2198,MONROY,PAULO,M40-44,COL
2199,MONTI,MICHAEL,M40-44,USA
2200,MOORE,MARTINO,M40-44,USA
2201,MORANDI,PETER,M40-44,USA
628,MORRISON,IAN,M40-44,USA
2202,MORSE,BRADFORD,M40-44,USA
2203,MORTON,MATTHEW,M40-44,USA
2204,MURISON,JOHN,M40-44,CAN
2205,MURPHY,BRIAN,M40-44,USA
2206,MURPHY,DANIEL,M40-44,USA
2207,MURPHY,RONALD,M40-44,USA
556,MURRAY,WILLIAM,M40-44,CAN
2208,MURRAY,STEEVE,M40-44,CAN
557,NADEAU,SYLVAIN,M40-44,CAN
2209,NAGENGAST,VINCENT,M40-44,USA
2210,NAVATTO,PETER,M40-44,USA
2211,NELSON,JESSE,M40-44,ESP
2212,NEMIROFF,LANCE,M40-44,USA
629,NICOLL,STEVEN,M40-44,USA
2213,NIQUETTE,BILL,M40-44,USA
2214,NOUEL,PAVEL,M40-44,DOM
2215,O’KEEFFE,PATRICK,M40-44,USA
2216,OLDHAM,GEOFFREY,M40-44,USA
199,OROZCO,ANTONIO,M40-44,MEX
2217,OUELLET,MATHIEU,M40-44,CAN
684,PANNULLO,JAMES,M40-44,USA
448,PARE,JOCELYN,M40-44,CAN
2218,PARE,BEN,M40-44,USA
324,PAWLOWSKI,GLENN,M40-44,USA
2219,PECK,STEPHEN,M40-44,CAN
2220,PEDDIGREW,CHRIS,M40-44,CAN
2221,PEGG,SHANE,M40-44,CAN
2222,PELLETIER,JASON,M40-44,USA
2223,PELLETIER,MARK,M40-44,USA
2224,PELLETT,BRENT,M40-44,CAN
598,PENDERGRAST,JUSTIN,M40-44,USA
2225,PERKINS,JASON,M40-44,USA
2226,PERREAULT,FRÉDÉRIC,M40-44,CAN
2227,PFAUTZ,DAVID,M40-44,USA
2228,PHILIP,ROBERT,M40-44,USA
2229,PINA,CHRISTIAN,M40-44,USA
2230,PORTWOOD,DOUG,M40-44,CAN
2231,POULIN,JEAN-SEBASTIEN,M40-44,CAN
2232,PRÉVOST,PASCAL,M40-44,CAN
2233,PRICE,DAVID,M40-44,USA
2234,QUISUMBING,ALBERT,M40-44,USA
2235,RAMBOYONG,MILES,M40-44,USA
2137,RAMOS,ISH,M40-44,USA
2236,REVITT,MATTHEW,M40-44,USA
200,REYES,RAGNER,M40-44,CUB
2237,RICHARDSON,BRETT,M40-44,USA
2238,RILLAHAN,BRENDEN,M40-44,USA
2239,ROBERTSON,GLENN,M40-44,USA
2240,ROBITAILLE,MARCO,M40-44,CAN
2241,ROLFE,EDWARD,M40-44,USA
2242,ROMANO,CARMELO,M40-44,USA
2243,ROSE,SHAWN,M40-44,USA
449,ROY,SEBASTIEN,M40-44,CAN
558,RUAYSAMRAN,JUSTIN,M40-44,USA
201,RUDDEN,SEAN,M40-44,USA
559,RUELLE,VINCENT,M40-44,CAN
2244,RUTT,MATT,M40-44,USA
2245,RYSZKIEWICZ,JUSTIN,M40-44,USA
2246,SAGASTEGUI,RODRIGO,M40-44,MEX
2247,SANCHEZ ARRUTI,CARLOS,M40-44,USA
202,SATCHIT,ANAND,M40-44,IND
2248,SAUVE,CAMIL,M40-44,CAN
2249,SCANIO,MARK,M40-44,USA
2250,SEEKELL,JASON,M40-44,USA
450,SEERIRAM,RYAN,M40-44,CAN
560,SEGUIN,BENOIT,M40-44,CAN
2251,SERGERIE,JONATHAN,M40-44,CAN
2252,SINGH,KUNWAR,M40-44,IND
2253,SKEELE,MICHAEL,M40-44,USA
2254,SOOKLAL,DEENASE,M40-44,CAN
451,SOUIKI,ZINDINE,M40-44,CAN
630,STAHLMAN,SEAN,M40-44,USA
2255,STELLWAGEN,MATTHEW,M40-44,USA
2256,STODDEN,MARK,M40-44,USA
2257,STOJ,CHRISTOPHER,M40-44,USA
2258,STOLZ,JOHN,M40-44,USA
2259,SUTHERLAND,DANA,M40-44,USA
2260,SWENSON,JAN,M40-44,USA
2261,SWITEK,STEVE,M40-44,USA
2262,TANENBAUM,MATTHEW,M40-44,USA
2263,TARDIF,JIMMY,M40-44,CAN
2264,TEE,CHEE HEONG,M40-44,MYS
2265,TERGEK,SAM,M40-44,USA
2266,TERPENING,TODD,M40-44,USA
561,THOMAS,STEVE,M40-44,CAN
2267,THOMPSON,CHRIS,M40-44,USA
2268,THRONDSON,PETER,M40-44,USA
2269,TOLINO,TOBY,M40-44,USA
2270,TONG,ALEX,M40-44,USA
203,TOVAR,RAFAEL,M40-44,VEN
2271,TROOST,NOEL,M40-44,USA
2272,TROTTA,CHRISTOPHER,M40-44,USA
2273,TSAO,DOUGLAS,M40-44,USA
2274,TSATSONIS,JON,M40-44,GBR
2275,TSE,JOEL,M40-44,USA
2276,TURCOTTE,JEAN-PHILIPPE,M40-44,CAN
2277,TUREK,MATTHEW,M40-44,USA
2278,TURLEY,KENNETH,M40-44,USA
2279,VALADE,FREDERIC,M40-44,CAN
685,VANGUILDER,PAUL,M40-44,USA
452,VELLA,MATTHEW,M40-44,USA
2280,VERDILE,NICHOLAS,M40-44,USA
2281,VIGNEAULT,STEEVE,M40-44,CAN
2282,VILLARROEL,ERNESTO,M40-44,ARG
2283,WATSON,JARED,M40-44,USA
2284,WAUTHIER,PHILIPPE,M40-44,CAN
2285,WEBBER,PATRICK,M40-44,CAN
372,WESTON,ROBERT,M40-44,USA
325,WIESEMANN,WOLFGANG,M40-44,USA
631,WILSON,BRENDAN,M40-44,USA
204,WINTERER,BRITT,M40-44,USA
2286,WINTERS,MARCUS,M40-44,IRL
2287,WOJNOWSKI,ADAM,M40-44,USA
2288,WRENN,TIMOTHY,M40-44,USA
205,WRIGHT,BRETT,M40-44,USA
2289,YATES,JOHN,M40-44,USA
2290,YEUNG,SHING,M40-44,USA
2291,YOUNG,KYLE,M40-44,CAN
2292,ZEPPETELLI,BRIAN,M40-44,USA
2293,ZIER,JAKE,M40-44,USA
2294,ZSIGOVITS,JONATHAN,M40-44,USA
,,MALE 45-49,,
453,ADRIAANSE,ROB,M45-49,CAN
2295,AIERSTOK,MARK,M45-49,USA
2296,ALBERT,JAMES,M45-49,USA
387,ALIX,BERNARD,M45-49,CAN
2297,ARMSTRONG,BRYAN,M45-49,USA
2298,ARPIN,DOMINIC,M45-49,CAN
21,ASTON,CASEY,M45-49,USA
2299,BADEAU,SAMUEL,M45-49,CAN
2300,BALDOMIR,JASON,M45-49,USA
326,BARANOWSKI,BRIAN,M45-49,USA
2301,BARTKO,MICHAL,M45-49,SVK
2302,BASSETT,EVAN,M45-49,USA
2303,BAUGHAN,NICK,M45-49,USA
2304,BAYLOR,CHRIS,M45-49,USA
632,BEARDSLEY,DENNIS,M45-49,USA
2305,BEAUDOIN,ROBERT,M45-49,CAN
2306,BEAULIEU,JEAN-PAUL,M45-49,CAN
2307,BEJIN,BILL,M45-49,USA
206,BELDNER,STUART,M45-49,USA
2308,BELLOWS,WHITNEY,M45-49,USA
454,BELTRAN,JOSE ANGEL,M45-49,MEX
2309,BERNARDINI,BRAD,M45-49,USA
455,BERNIER,DANNY,M45-49,USA
2310,BINETTE,ROBERT,M45-49,CAN
2311,BISACCIA,PAUL,M45-49,USA
2312,BLACK,ALLEN,M45-49,CAN
2313,BOLTON,JOHN,M45-49,USA
2314,BOUCHARD,MARTIN,M45-49,CAN
2315,BOUFFARD,MARTIN,M45-49,CAN
2316,BOULANGER,ERIC,M45-49,CAN
2317,BOUTET,SYLVAIN,M45-49,CAN
2318,BRASH,CHRIS,M45-49,CAN
2319,BRAZEAU,SERGE,M45-49,CAN
2320,BRETON,MARTIN,M45-49,CAN
2321,BRIEHL,MIKE,M45-49,USA
2322,BRODWIN,ERIC,M45-49,USA
2323,BROLLY,JAMES,M45-49,GBR
686,BURGIE,THOMAS,M45-49,USA
2324,BURIEZ,YUKIO,M45-49,CAN
2325,BURKE,CHRISTOPHER,M45-49,USA
2326,BURNS,ANTHONY,M45-49,USA
2327,BYKOV,ALEX,M45-49,USA
2328,CAMERON,TODD,M45-49,USA
2329,CAMIRÉ,GUY,M45-49,CAN
207,CAMPBELL,MARK,M45-49,USA
2330,CAMPEAU,FRANK,M45-49,USA
2331,CARRIER,ERIC,M45-49,CAN
2332,CARTON IV,L A,M45-49,USA
2333,CASE,COREY,M45-49,USA
2334,CASPER,SCOTT,M45-49,USA
2335,CASSU,MICKEY,M45-49,USA
2336,CHAMBERLAND,STEPHANE,M45-49,CAN
208,CHEETHAM,JONATHAN,M45-49,GBR
2337,CHILDS,JONATHAN,M45-49,USA
2338,CHILLIS,PATRICK,M45-49,CAN
2339,CHIN,TIMOTHY,M45-49,USA
633,CHLOPECKI II,ALEX,M45-49,USA
687,CHRISTIE,JAMES,M45-49,USA
2340,CIARFELLO,CHARLES,M45-49,USA
2341,CLARK,KEN,M45-49,USA
2342,CLARK,RON,M45-49,USA
2343,CLARKE,PAUL,M45-49,CAN
562,COHEN,DYLAN,M45-49,USA
2344,COLEMAN,BILL,M45-49,USA
2345,COLLINS,KEITH,M45-49,USA
2346,COLPRON,JEAN-SÉBASTIEN,M45-49,CAN
327,CONDON,CRAIG,M45-49,USA
2347,CONNALLY,DAVID,M45-49,USA
2348,COOK,CASEY,M45-49,USA
2349,COOK,JAMES,M45-49,USA
2350,COTE,PATRICK,M45-49,CAN
2351,COUSINO,MICHAEL,M45-49,USA
2352,CROWTHER,MARK,M45-49,GBR
2353,CUDILLA,ULYSIS,M45-49,USA
2354,CURTIN,GUS,M45-49,USA
2355,DABICE,GREGORY,M45-49,USA
2356,DALY,JOHN,M45-49,CAN
2357,DANKO,ROMAN,M45-49,SVK
2358,DARE,STEVE,M45-49,USA
2359,DAY,RUSSELL,M45-49,USA
209,DE FREITAS,MARCO,M45-49,BRA
2360,DECOSTE,YVES,M45-49,CAN
2361,DEL PRIORE,DARREN,M45-49,USA
688,DELGADO,MICHAEL,M45-49,USA
2362,DEMMO,NICHOLAS,M45-49,USA
563,DENIS,PATRICE,M45-49,CAN
2363,DERICK,GREGORY,M45-49,USA
2364,DEVINGER,GARRY,M45-49,USA
2365,DIBENEDETTO,JOE,M45-49,USA
2366,DOAK,RICHARD,M45-49,USA
2367,DONAHUE,JOHN,M45-49,USA
210,DONLEVIE,DANIEL,M45-49,USA
2368,DORAN,DEREK,M45-49,IRL
2369,DRIEN,ERIC,M45-49,CAN
2370,DUFOUR,DANIEL,M45-49,CAN
2371,DUGAL,MARTIN,M45-49,CAN
564,DUPUIS,ALAIN,M45-49,CAN
2372,EARL,GREG,M45-49,CAN
2373,EICHER,TODD,M45-49,USA
2374,EICHNER,DAN,M45-49,CAN
2375,ER,CEM,M45-49,USA
48,ERASMUS,GEORGE,M45-49,USA
2376,FAUSTINO,FRANCIS,M45-49,USA
2377,FAY,PETER,M45-49,USA
2378,FERGUSON,MATTHEW,M45-49,USA
2379,FERRON,SEBASTIEN,M45-49,CAN
2380,FINO,CHARLES,M45-49,USA
2381,FISHER,TODD,M45-49,USA
689,FLAHERTY,KEVIN,M45-49,USA
2382,FOGARTY,JAY,M45-49,USA
2383,FORBES,SEAN,M45-49,CAN
2384,FORREST,JIA,M45-49,USA
2385,FORSTER,FRED,M45-49,USA
2386,FORTIN,JEAN-FREDERIC,M45-49,CAN
456,FRANKENFELD,GREG,M45-49,USA
2387,FULGA,STEFAN,M45-49,CAN
2388,FYODOROV,EUGENE,M45-49,CAN
2389,GADROW,JOHN,M45-49,USA
457,GANNON,WALTER,M45-49,USA
2390,GANNON,ANDY,M45-49,USA
2391,GANSBERG,BRAD,M45-49,USA
458,GARDNER,JASON,M45-49,USA
2392,GARTHWAITE,JONATHAN,M45-49,USA
2393,GERMAIN,DANIEL,M45-49,CAN
2394,GLEASON,DENNIS,M45-49,USA
211,GOLDEN,ROBERT,M45-49,USA
2395,GONNEVILLE,SYLVAIN,M45-49,CAN
2396,GORDINIER,MARTIN,M45-49,USA
459,GOW,MATT,M45-49,USA
2397,GRASSI,STEPHEN,M45-49,USA
2398,GRATTON,JEAN-PHILIPPE,M45-49,CAN
565,GRAZIANO,JOHNNY,M45-49,USA
2399,GREGORY,CHRIS,M45-49,CAN
2400,GRIGGS,JASON,M45-49,USA
2401,GRIMES,ERIC,M45-49,USA
212,GUYATT,GREG,M45-49,CAN
213,HAIG,TODD,M45-49,USA
2402,HARVEY,DONALD,M45-49,USA
2403,HASSEY,DARREN,M45-49,GBR
2404,HAWKINS,JOHN,M45-49,USA
460,HEGEDUS,ANDREW,M45-49,USA
2405,HERMAN,CHRIS,M45-49,USA
2406,HERNAEZ,SIMON,M45-49,USA
2407,HICKS,JAMES,M45-49,USA
2408,HIRSH,PETER,M45-49,USA
461,HOPKINS,DAVID,M45-49,USA
2409,HUNT,TIM,M45-49,AUS
2410,HURLEY,DAVE,M45-49,USA
2411,HURLEY,DAVE,M45-49,USA
2412,JARM,LEE,M45-49,USA
2413,JELLINEK,TOMMY,M45-49,CAN
2414,JESTER,ERIK,M45-49,USA
2415,JUSTO,ROBERT,M45-49,USA
2416,KANE,THOMAS,M45-49,USA
2417,KAPLAN,CHRIS,M45-49,USA
2418,KAPLAN,KRIS,M45-49,USA
2419,KARALUS,EDWARD,M45-49,USA
634,KEELING,MARK,M45-49,USA
214,KELLIHER,DAVID,M45-49,USA
215,KENNY,OWEN,M45-49,USA
2420,KENNY,MARK,M45-49,CAN
2421,KERSHNER,DANIEL,M45-49,USA
2422,KESSAI,TARIK,M45-49,DZA
2423,KICKENWEIZ,BERNHARD,M45-49,AUT
2424,KING,HARRY,M45-49,USA
2425,KING,JOSEPH,M45-49,USA
2426,KOEHLER,THOMAS,M45-49,USA
2427,KOGUT,DAVE,M45-49,USA
2428,KOHL,HOYT,M45-49,USA
2429,KOPPENHAVER,KEN,M45-49,USA
566,KRESGE,MATTHEW,M45-49,USA
2430,KUPSCH,GLENN,M45-49,USA
2431,LACHAUSSEE,CHRISTIAN,M45-49,CAN
2432,LAJOIE,FRANCE,M45-49,CAN
2433,LAJOIE,STEPHANE,M45-49,CAN
22,LAKE,COLIN,M45-49,USA
2434,LAROUCHE,JEAN-FRANCOIS,M45-49,USA
2435,LATIL,BERNARD,M45-49,CAN
462,LAVIGNE,STEPHANE,M45-49,CAN
2436,LEDUC,NICOLAS,M45-49,CAN
2437,LEDUC,RÉJEAN,M45-49,CAN
2438,LEDUC,SYLVAIN,M45-49,CAN
2439,LEFEBVRE,RICHARD,M45-49,CAN
2440,LEGGETT,JAMES,M45-49,USA
216,LEMYRE,ERIC,M45-49,CAN
2441,LEO,MARK,M45-49,USA
217,LEUTE,JÉRÔME,M45-49,CAN
2442,LIBERTI,JOE,M45-49,USA
2443,LIPSON,MARK,M45-49,USA
2444,LIUZZO,RAY,M45-49,USA
2445,LIVINGSTON,TIMOTHY,M45-49,USA
218,LOISEL,ALEXIS,M45-49,CAN
2446,LOPEZ,JAMES,M45-49,USA
2447,LOPEZ,ROBERT,M45-49,USA
2448,LUCAS,DERRICK,M45-49,USA
2449,LUNNEY,TED,M45-49,USA
219,LYONS,PAUL,M45-49,USA
2450,LYONS,JASON,M45-49,CAN
2451,LYONS,MICHAEL,M45-49,USA
2452,MACKIN,JOHN,M45-49,USA
2453,MALETTE,BENOIT,M45-49,CAN
2454,MALLEO,DOMINIC,M45-49,USA
2455,MANFRED,PATRICK,M45-49,CAN
2456,MANNINO,KEVIN,M45-49,USA
2457,MASSEY,CHRISTOPHER,M45-49,USA
41,MATHISEN,ARTHUR,M45-49,USA
2458,MATYASIK,LEN,M45-49,USA
2459,MAUDHOO,ANIL,M45-49,CAN
2460,MAURO,JAY,M45-49,USA
388,MAYHEW,BRUCE,M45-49,USA
2461,MCCARTHY,SHANE,M45-49,IRL
567,MCCORMICK,SEAN,M45-49,USA
2462,MCLEAN,JOHN,M45-49,CAN
635,MCMAHAN,DOUG,M45-49,USA
2463,MCNULTY,SEAN,M45-49,CAN
2464,MCPHERSON,KEVIN,M45-49,USA
2465,MICHELS,GREGORY,M45-49,USA
2466,MONKHOUSE,STOYAN,M45-49,CAN
636,MOORE,TRAVIS,M45-49,USA
2467,MORAN,BRIAN,M45-49,USA
2468,MORGAN,WALKER,M45-49,USA
220,MOSKOW,ROB,M45-49,USA
2469,MULLANEY,JAMES,M45-49,USA
2470,MURCOTT,DAVID,M45-49,USA
2471,MURNOCK,GREG,M45-49,USA
568,MURPHY,JOE,M45-49,USA
2472,MURRAY,BRIAN,M45-49,USA
2473,MUSCARELLO,ANTHONY,M45-49,USA
2474,MYERS,GLEN,M45-49,USA
2475,MYERS,ROBERT,M45-49,USA
463,NADEAU,PASCAL,M45-49,CAN
2476,NADEAU,ALAIN,M45-49,USA
464,NADON,JEAN-FRANCOIS,M45-49,USA
2477,NAIL,JIM,M45-49,USA
2478,NEILL,PATRICK,M45-49,USA
637,NELSON,PETER,M45-49,USA
2479,NELSON,ROBERT,M45-49,USA
2480,NEWCOMER,CRIS,M45-49,USA
2481,NOBLE,DEREK,M45-49,CAN
2482,NOLAN,GARY,M45-49,USA
2483,NOONAN,JOE,M45-49,CAN
2484,NORMAN,MICHAEL,M45-49,USA
2485,NOVAK,TIMOTHY,M45-49,USA
2486,NUNN,STEVEN,M45-49,USA
2487,O’BRIEN,SEAN,M45-49,USA
2488,OCONNELL,STEVE,M45-49,USA
221,O’CUINN,SHANE,M45-49,IRL
2489,O’DONNELL,BRENDAN,M45-49,USA
690,O’LEARY,TIMOTHY,M45-49,USA
2490,OUELLETTE,ERIK,M45-49,CAN
2491,OWENS,KEVIN,M45-49,USA
2492,PAISLEY,ELDON,M45-49,CAN
2493,PARADIS,ALAIN,M45-49,CAN
2494,PARK,EDWARD,M45-49,USA
2495,PARSONS,DAVID,M45-49,USA
2496,PEER,WILLIAM,M45-49,USA
222,PENN,GEORGE,M45-49,USA
2497,PEPIN,CLAUDE,M45-49,CAN
2498,PERREAULT,ALAIN,M45-49,CAN
2499,PERRONE,ROBERTO,M45-49,ITA
2500,PETERS,SAM,M45-49,USA
328,PIAZZA,CARMEN,M45-49,USA
2501,PISANO,PHIL,M45-49,USA
2502,POIRIER,CLAUDE,M45-49,CAN
2503,POIRIER,CLAUDE,M45-49,CAN
2504,POST,ROBERT,M45-49,USA
223,RADKE,SCOTT,M45-49,USA
2505,RATH,RYAN,M45-49,USA
2506,RAYES,ALAIN,M45-49,CAN
2507,READ,MICHAEL,M45-49,USA
2508,REID,THOMAS,M45-49,USA
2509,RHEAULT,SÉBASTIEN,M45-49,CAN
2510,ROBEV,PETER,M45-49,BGR
2511,RODRIGUEZ,ISMAEL,M45-49,USA
465,ROGALSKI,JOSEPH,M45-49,USA
224,ROSENBLATT,ERIK,M45-49,USA
2512,ROUSSEL,RENÉ-PIERRE,M45-49,CAN
2513,ROY,SEBASTIEN,M45-49,CAN
2514,ROY,STEPHANE,M45-49,CAN
638,RUBY,ANDREW,M45-49,USA
2515,RUSHTON,MARK,M45-49,USA
2516,RUSSIN,ROB,M45-49,USA
639,RYAN,PATRICK,M45-49,USA
2517,SAFFREN,MARC,M45-49,USA
2518,SANGSTER,HARRISON,M45-49,USA
2519,SATTLER,JAY,M45-49,USA
225,SAWYER,JEFFREY,M45-49,USA
2520,SCANIO,RALPH,M45-49,USA
389,SCHNELL,CHUCK,M45-49,USA
2521,SCHWARM,DAVE,M45-49,USA
2522,SCHWIND,BRIAN,M45-49,USA
2523,SCOTTO,BEN,M45-49,USA
2524,SERGOTT,NEIL,M45-49,USA
2525,SHEA,MICHAEL,M45-49,USA
2526,SHETH,AGAM,M45-49,USA
569,SHUREY,SIMON,M45-49,GBR
2527,SHYMAN,BENJAMIN,M45-49,USA
570,SIMKO,JAMES,M45-49,USA
2528,SIMONETTI,DAN,M45-49,USA
2529,SIMPSON,BRIAN,M45-49,USA
2530,SLIVKEN,DAVID,M45-49,USA
2531,SMALL,BRAD,M45-49,USA
2532,SMITH,BRIAN,M45-49,USA
2533,SMITH,PAUL,M45-49,USA
691,SPILLANE,BRIAN,M45-49,USA
2534,SPIRIDIGLOIZZI,ANDREW,M45-49,USA
2535,STEUER,DAVID,M45-49,USA
2536,STINSON,MIKE,M45-49,USA
2537,STIRPE,MARK,M45-49,CAN
2538,STOUGHTON,MARK,M45-49,USA
571,SULLIVAN,GREGORY,M45-49,USA
2539,SULLIVAN,CHRIS,M45-49,USA
226,SUROWIEC,GLENN,M45-49,USA
572,SWIFT,RANDY,M45-49,USA
640,SYDEN,BEN,M45-49,USA
227,SYVERUD,JASON,M45-49,USA
2540,TARWATER,TROY,M45-49,USA
2541,TAYLOR,SHAWN,M45-49,USA
2542,THERRIEN,MARC,M45-49,CAN
2543,THOMPSON,STEVE,M45-49,CAN
2544,TINNESZ,DYLAN,M45-49,USA
228,TORRENTE,CHRISTOPHER,M45-49,USA
573,TRINKAUS,MICHAEL,M45-49,USA
2545,TRUDGIAN,TERRANCE,M45-49,USA
2546,TUCK,ERIC,M45-49,USA
2547,TURAKHIA,BINDUL,M45-49,USA
2548,TURCHAN,KEVIN,M45-49,USA
2549,TWEEDY,ROB,M45-49,CAN
2550,VACHON,MARTIN,M45-49,CAN
229,VALLE,GUILHERME,M45-49,BRA
2551,VAN WIE,JASON,M45-49,USA
2552,VEILLEUX,CHARLES,M45-49,CAN
2553,VERSCHLEISER,JEFFREY,M45-49,USA
2554,VIGIL,DANIEL B,M45-49,USA
2555,VIVY,BERNARD,M45-49,HTI
2556,VOORHEES,PETER,M45-49,USA
2557,WEBB,JEFF,M45-49,USA
2558,WELDON,TIMOTHY,M45-49,USA
230,WHITE,VEDDER,M45-49,USA
2559,WIEDEKE,SHANE,M45-49,USA
466,WIEDERHOLD,CHRISTOPHER,M45-49,USA
467,WILCOCK,GRAHAM,M45-49,GBR
2560,WINOT,BRIAN,M45-49,USA
231,WOLF,STEPHEN,M45-49,USA
2561,WOLFORD,JOHN,M45-49,USA
23,WUNDER,MICHAEL,M45-49,USA
232,YOO,SUNGWON,M45-49,USA
2562,YOUNG,STAN,M45-49,USA
2563,YOUNG,TRACY,M45-49,USA
,,MALE 50-54,,
2564,ACKERMAN,RICK,M50-54,USA
2565,ACREMAN,GRAHAM,M50-54,USA
2566,AINSLEY,DANY,M50-54,CAN
468,ALLANNIC,CYRILLE,M50-54,FRA
2567,AMBROSE,MIKE,M50-54,USA
233,ANDRES,GREG,M50-54,USA
2568,ANNETT,MARK,M50-54,NZL
2569,ARANT,MATTHEW,M50-54,USA
2570,AUER,HAPI,M50-54,USA
2571,BAENA,JAIME,M50-54,CAN
2572,BAILEY,GRAHAM,M50-54,USA
2573,BAKER,DARIN B,M50-54,USA
2574,BALESTRINI,DAVID,M50-54,USA
2575,BARNARD,WESLEY,M50-54,USA
2576,BASS,DAVID,M50-54,USA
2577,BEARDSALL,JIM,M50-54,CAN
2578,BEAULE,RICHARD,M50-54,CAN
2579,BECKER,STEVE,M50-54,USA
2580,BEINTEMA,STEVEN,M50-54,USA
2581,BELAND,BENOIT,M50-54,CAN
2582,BELLI,MICHAEL,M50-54,CZE
2583,BELTRAN,JOSEPH,M50-54,PHL
2584,BENZ,KEN,M50-54,USA
2585,BERGERON,CHARLES,M50-54,CAN
2586,BERGERON,MICHAEL,M50-54,USA
2587,BINTLEY,SIMON,M50-54,GBR
2588,BLANCO,CARY,M50-54,PRI
2589,BOCK,LEE,M50-54,USA
2590,BONNEVILLE,GINO,M50-54,CAN
2591,BOWMAN,DAVE,M50-54,USA
2592,BOYER,MARIO,M50-54,CAN
2593,BROOKS,STACEY,M50-54,USA
2594,BROWN,KEVIN,M50-54,CAN
2595,BROWNE,PAUL,M50-54,USA
2596,BURBY,MICHAEL,M50-54,USA
49,BURDO,JEFFREY,M50-54,USA
2597,BURKE,JUDE,M50-54,USA
2598,BUSH,WILLIAM,M50-54,USA
641,BUTLER,JOHN,M50-54,USA
2599,BUTTS,GEORGE,M50-54,USA
2600,CALI,ANTHONY,M50-54,USA
2601,CAMARA,BRUNO,M50-54,USA
234,CANTORIAS,MELCHOR,M50-54,PHL
59,CAPASSO,KEVIN,M50-54,USA
642,CARON,DARRYL,M50-54,USA
574,CARRENS,CLEVE,M50-54,USA
2602,CARVER,ERIC,M50-54,USA
2603,CASH,CHRISTOPHER,M50-54,USA
2604,CATACUTAN,GEORGE,M50-54,PHL
2605,CHAPDELAINE,PIERRE,M50-54,CAN
2606,CHAUVITEAU,PHILIPPE,M50-54,CAN
2607,CHURCHILL,ROBERT,M50-54,USA
2608,CLEMENT,ANTOINE,M50-54,CAN
2609,CLEMENT,LEONARD,M50-54,USA
2610,CLOPINE,RUSS,M50-54,USA
2611,CODY,BILL,M50-54,USA
2612,COGNETTO,NORM,M50-54,USA
2613,COHEN,JASON,M50-54,USA
2614,COLBURN,STEPHEN,M50-54,USA
2615,COLEMAN,CHRISTOPHER,M50-54,USA
2616,COLLIER,CHARLES,M50-54,USA
2617,COLOSI,ALAN,M50-54,USA
2618,CONLEY,TIM,M50-54,USA
2619,COOK,TOM,M50-54,USA
235,CORLISS,TIMOTHY,M50-54,USA
2620,COURTNEY,DAVID,M50-54,USA
2621,CRONEY,RICK,M50-54,CAN
469,CUNNINGHAM,COLIN,M50-54,CAN
470,CURCIO,MICHAEL,M50-54,USA
575,CURNIER,DANIEL,M50-54,CAN
329,CURRENCE,STEPHAN,M50-54,USA
692,DEMAYO,FRANCIS,M50-54,USA
471,DEWALD,CARL,M50-54,CAN
2622,DICAPRIO,PAUL,M50-54,USA
576,DICERBO,PATRICK,M50-54,USA
2623,DIGRIGOLI,TODD,M50-54,USA
2624,DIMMICK,MARK,M50-54,USA
2625,DISIMONE,VINCENT,M50-54,USA
2626,DOBBINS,BILLY,M50-54,USA
2627,DODGE,JEFF,M50-54,USA
2628,DOIRON,GARY,M50-54,CAN
2629,D’ONOFRIO,TONY,M50-54,CAN
2630,DRAPEAU,WILLIAM,M50-54,USA
2631,DZIKOWICZ,MARK,M50-54,USA
2632,EDWARDS,GREGORY,M50-54,USA
330,EGAN,PAUL,M50-54,USA
2633,EHRING,STEVE,M50-54,USA
236,EISENBERG,CRAIG,M50-54,USA
2634,ELMSLEY,CHRIS,M50-54,CAN
2635,EVANS,KENNETH,M50-54,USA
2636,F.ARNOLD,SCOTT,M50-54,USA
2637,FAHMY,AHMED,M50-54,USA
2638,FANUZZI,TOM,M50-54,USA
2639,FENSTERER,DAVID,M50-54,USA
2640,FISCHER,CHARLIE,M50-54,USA
2641,FISHER,SCOTT,M50-54,USA
237,FREIDHEIM,STEPHEN,M50-54,USA
2642,GAGNON,JEAN MARC,M50-54,CAN
390,GALARD,RON,M50-54,USA
2643,GARTENSTEIN,STEVEN,M50-54,USA
2644,GAVIN,TIM,M50-54,CAN
2645,GEDDIS,EDWARD,M50-54,CAN
238,GLENN,DAVID,M50-54,USA
2646,GOCHENAUER,ERICH,M50-54,USA
693,GOMEZ,THOMAS,M50-54,USA
2647,GONZALEZ,REINALDO,M50-54,USA
2648,GOODELL,ROLAND,M50-54,USA
2649,GOOLKASIAN,MICHAEL,M50-54,USA
2650,GORDON,ROY,M50-54,USA
2651,GRANT,JAMES,M50-54,USA
2652,GRIFFIN,JAMES,M50-54,USA
2653,GROSS,KEVIN,M50-54,CAN
2654,GUASTELLA,JOHN,M50-54,USA
2655,HALL,JOE,M50-54,USA
2656,HAMEL,JEN-RENÉ,M50-54,CAN
2657,HAMELIN,MICHEL,M50-54,CAN
2658,HARRIS,DAVID,M50-54,USA
2659,HARRIS,KEN,M50-54,USA
331,HART,RANDY,M50-54,USA
332,HART,RICK,M50-54,USA
2660,HARTER,WALTER,M50-54,USA
2661,HAUSER,ROBERT,M50-54,USA
2662,HAZZARD,DAVID,M50-54,USA
2663,HECK,ANDREW,M50-54,USA
694,HELLER,STEVEN,M50-54,USA
2664,HERZBERG,GIL,M50-54,USA
239,HESS,ALAN,M50-54,USA
2665,HOLDEN,RICHARD,M50-54,USA
2666,HOLOHAN,KIERAN,M50-54,USA
2667,HONECK,BILL,M50-54,USA
2668,HOOKS,SIMON,M50-54,GBR
2669,HOPE,MICHAEL,M50-54,USA
240,HOUGHTON,RICKY,M50-54,USA
241,HYLAND,JOHN,M50-54,USA
2670,JAFFE,ROBERT,M50-54,USA
279,JAMES,SEAN,M50-54,IRL
333,JAMES,FINBARR,M50-54,IRL
334,JAMES,SEAN,M50-54,IRL
2671,JEFFS,STEPHEN,M50-54,USA
2672,JESSUP,ANDREW,M50-54,USA
2673,JIMENEZ,ERIC,M50-54,BOL
2674,JOACHIM,PETE,M50-54,USA
2675,JOHANSEN,JOHN,M50-54,USA
2676,JOHNSON,KENNETH,M50-54,USA
577,JUERGENS,RICHARD,M50-54,USA
2677,JUSTINO,ROGERIO,M50-54,USA
2678,KAVANAUGH,MATTHEW,M50-54,USA
242,KEELEY,JAMES,M50-54,GBR
472,KELLY,BRIAN,M50-54,USA
2679,KENNEDY,GARY,M50-54,CAN
2680,KEPLINGER,EDWARD,M50-54,USA
2681,KLUTEY,RICK,M50-54,USA
653,KUTCHER,DAVID,M50-54,USA
2682,LABRECHE,BENOIT,M50-54,CAN
2683,LAFLEUR,MARTIN,M50-54,CAN
2684,LALONDE,CHRISTIAN,M50-54,CAN
578,LAMARCHE,PIERRE,M50-54,CAN
643,LANDIS,TIMOTHY,M50-54,USA
579,LANDRY,ALAIN,M50-54,CAN
2685,LANDY,MATTHEW,M50-54,USA
243,LAPIERRE,NORMAND,M50-54,CAN
2686,LAPIERRE,MICHEL,M50-54,CAN
2687,LARIVIERE,JOHN,M50-54,USA
580,LEMIRE,ALAIN,M50-54,CAN
2688,LENIHAN,BRENDAN,M50-54,USA
244,LI,MARK,M50-54,USA
2689,LOFTUS,ED,M50-54,USA
581,LOHRMANN,KURT,M50-54,USA
2690,LORANGER,WAYNE,M50-54,USA
335,LOUHAICHY,ZOUHEIR,M50-54,MAR
2691,LOVE,BOB,M50-54,USA
2692,LUCAS,TOM,M50-54,USA
582,LUSSIER,MARTIN,M50-54,CAN
2693,MACNAB,BRECK,M50-54,USA
2694,MAKOVIK,VALERI,M50-54,USA
2695,MALONEY,JAMES,M50-54,USA
2696,MARTINEZ,JULIO,M50-54,USA
644,MASTERS,JONATHAN,M50-54,USA
2697,MATHIESON,JON,M50-54,USA
2698,MCCABE,GLENN,M50-54,USA
2699,MCDONNELL,CHRIS,M50-54,USA
2700,MCDONOUGH,JIM,M50-54,USA
2701,MCGREGOR,KEITH,M50-54,GBR
2702,MCHALE,MICHAEL,M50-54,USA
2703,MELTZER,NIR,M50-54,CAN
2704,MENDEZ,RAFAEL,M50-54,USA
2705,MERRIMAN,KEVIN,M50-54,USA
2706,METZL,JORDAN,M50-54,USA
473,MIANI,RICH,M50-54,USA
2707,MIETLICKI,KEVIN,M50-54,USA
2708,MILLER,K-BRIAN,M50-54,CAN
2709,MIYAMA,TOMO,M50-54,JPN
2710,MOATS JR.,DONALD R.,M50-54,USA
336,MOONEY,DANNY,M50-54,USA
2711,MORI,YOSHITOMO,M50-54,JPN
2712,MORMANDO,JOHN,M50-54,USA
583,MULDOWNEY,BRIAN,M50-54,USA
2713,MULLINGS,RICHARD,M50-54,GBR
2714,MUMAW,BRIAN,M50-54,USA
245,NEBIOLO,PATRICK,M50-54,ITA
474,NEWELL,SIMON,M50-54,CAN
2715,NEWTON,THOMAS,M50-54,USA
2716,NOBLE,WALTER,M50-54,CAN
2717,NOWAKOWSKI,MATTHEW,M50-54,CAN
2718,PAKULA,KEN,M50-54,USA
337,PARKINSON,GREG,M50-54,USA
2719,PATTON,SHAWN,M50-54,CAN
2720,PELLETTIERE,JOSEPH,M50-54,USA
2721,PETASHNICK,DANIEL,M50-54,USA
2722,PETERSON,DEREK,M50-54,USA
246,PETROSINO,PAUL,M50-54,USA
247,PETTIT,HENRY,M50-54,ASM
2723,PIGEON,PIERRE,M50-54,CAN
2724,PLANT,ROBERT CORY,M50-54,CAN
584,PONCE,JULIEN,M50-54,CAN
2725,PRECOBB,JOHN,M50-54,USA
2726,QUESADA,FABIAN,M50-54,USA
248,RANDALL,WILLIAM,M50-54,USA
2727,RASHID,SALIM,M50-54,CAN
249,REICKERT,MIKE,M50-54,USA
2728,RICARD,SERGE,M50-54,CAN
695,RICCUITI,MICHAEL,M50-54,USA
2729,RICHARDS,BARRY,M50-54,CAN
2730,ROUSSEAU,MARTIN,M50-54,ARG
2731,ROY,ALAIN,M50-54,CAN
2732,ROY,ROBERT,M50-54,CAN
2733,RUDMAN,SAMUEL,M50-54,USA
2734,RUIZ,ALVARO,M50-54,USA
250,SALAMONE,TOM,M50-54,USA
2735,SAMPERE,SAMUEL,M50-54,USA
2736,SANBORN,ERIC,M50-54,USA
2737,SANCILIO,GARY,M50-54,USA
2738,SANDLER,SCOTT,M50-54,USA
2739,SARAVANAMUTTOO,MALCOLM,M50-54,CAN
251,SCHOENNAGEL,EDWARD,M50-54,USA
2740,SCILINGO,SAL,M50-54,USA
2741,SHEA,BRENDAN,M50-54,USA
2742,SHEA,ROBERT,M50-54,USA
2743,SHEPARDSON,CHRISTOPHER,M50-54,USA
2744,SHYNE,DAN,M50-54,USA
2745,SMITH,WILLIAM,M50-54,USA
2746,SOLOMON,JEFF,M50-54,CAN
2747,SOUCIE,LUC,M50-54,CAN
2748,ST. GERMAIN,JAMES,M50-54,USA
2749,STONE,ANTHONY,M50-54,GBR
2750,STRING,STEVEN,M50-54,USA
2751,SWEENOR,BRIAN,M50-54,USA
2752,THIBAULT,MARC,M50-54,CAN
252,THOMAS,LARRY,M50-54,USA
2753,THOMPSON,DON,M50-54,USA
2754,TINNESZ,PETER,M50-54,USA
2755,TOOTHAKER,DAVID,M50-54,USA
42,TOURIGNY,BERNARD,M50-54,CAN
253,TSAPATSARIS,NICHOLAS,M50-54,GRC
2756,TUITE,BOOMER,M50-54,USA
2757,VAILLANCOURT,ALAIN,M50-54,CAN
2758,VANZANDT,ERIC,M50-54,USA
2759,WAKIM,TOUFIC,M50-54,USA
2760,WALSH,NICK,M50-54,USA
2761,WARNER,ALLAN,M50-54,GBR
2762,WEBER,JOHN,M50-54,USA
2763,WEINTRAUB,RANDY,M50-54,USA
2764,WELSH,DON,M50-54,USA
2765,WHEELER,GARY,M50-54,CAN
2766,WHITE,BRIAN,M50-54,USA
2767,WHITEHEAD,KEVIN,M50-54,USA
2768,WINANS,LARRY,M50-54,USA
696,WINES,JOE,M50-54,USA
2769,WISE,FRANK,M50-54,USA
338,WRIGHT,JOHN,M50-54,USA
2770,ZAROLA,WILLIAM,M50-54,USA
2771,ZELLNER,ERIC,M50-54,USA
,,MALE 55-59,,
2772,ANARI,WILLIAM,M55-59,USA
2773,ASHBARRY,PAUL,M55-59,USA
2774,BARAN,JEFFREY,M55-59,USA
2775,BASSETT,GREG,M55-59,USA
339,BEESON,RICHARD,M55-59,CAN
2776,BENTLEY,BILL,M55-59,CAN
43,BERGERON,CHRISTIAN,M55-59,CAN
254,BERGSTEIN,MICHAEL,M55-59,USA
2777,BLACK,THOMAS,M55-59,USA
585,BOISCLAIR,GILLES,M55-59,CAN
2778,BONENFANT,MARIO,M55-59,CAN
475,BOSMAN,JOHAN,M55-59,USA
2779,BOURGOIN,DAVID,M55-59,USA
2780,BRACE,LEROY,M55-59,USA
2781,BRIDEAU,PIERRE,M55-59,CAN
24,BROWN,STEPHEN,M55-59,USA
2782,BROWN,RAMSAY,M55-59,CAN
2783,BUONO,DAVID,M55-59,USA
2784,CAMPBELL,CHARLES,M55-59,USA
2785,CASTANHO,CARL,M55-59,USA
2786,CHAMPAGNE,MARC,M55-59,CAN
2787,CHARTRAND,BERNARD,M55-59,CAN
255,CONFORTI,JEFF,M55-59,USA
2788,COOPER,JOHANN,M55-59,USA
340,CUBA,KEVIN,M55-59,USA
586,CUMETTI,CLAUDIO,M55-59,CAN
2789,DAINARD,RICK,M55-59,CAN
2790,DAVIS,MICHAEL,M55-59,USA
2791,DAVIS,MIKE,M55-59,USA
2792,DIGIOVANNI,DAVID,M55-59,USA
2793,DORRY,KEVIN,M55-59,USA
2794,DUNN,GREG,M55-59,CAN
2795,EBSARY,BOB,M55-59,CAN
256,ECKMAN,CHARLES,M55-59,USA
2796,FISH,DAVID,M55-59,USA
2797,GAFFEY,BRIAN,M55-59,USA
2798,GAHWYLER,WILLIAM,M55-59,USA
2799,GARDNER,ALAN,M55-59,USA
2800,GORFINKLE,JOSEPH,M55-59,USA
2801,GRADY,JIM,M55-59,USA
2802,HAMILTON,JAY,M55-59,USA
2803,HARVEY,JOHN,M55-59,USA
257,HERZBERG,STEPHEN,M55-59,USA
2804,HOPKINS,RICK,M55-59,USA
258,HUNTER,ANDREW,M55-59,USA
2805,HUNTER,JEFF,M55-59,USA
2806,IDE,MITCH,M55-59,USA
2807,"ISLEY, JR",WILLIAM,M55-59,USA
2808,IZZO,WILLIAM,M55-59,USA
2809,JANSSENS,SCOTT,M55-59,USA
2810,JOHNSON,TIM,M55-59,USA
2811,JONES,JOSEPH,M55-59,USA
2812,JORDAN,MICHAEL,M55-59,USA
2813,JOYNER,MIKE,M55-59,USA
2814,KADMON,YAIR,M55-59,USA
2815,KEIL,ERIC,M55-59,USA
2816,KUNTZ,PETER,M55-59,CAN
2817,LADUE,JOHN,M55-59,USA
2818,LAPOINT,MIKE,M55-59,USA
2819,LATTIMORE,MICHAEL,M55-59,CAN
476,LEBLANC,JEAN-PHILIPPE,M55-59,CAN
2820,LEDUC,DANIEL,M55-59,CAN
2821,LEFKOWITZ,MATT,M55-59,USA
2822,LEONARDI,CHRIS,M55-59,USA
2823,LEWIS,STEVEN,M55-59,USA
2824,LOMBERG,PAUL,M55-59,USA
2825,LUBRINO,ANTHONY,M55-59,USA
2826,LUCIANI,STEVE,M55-59,USA
2827,LUE,LAWRENCE,M55-59,USA
587,LUMIA,PAUL,M55-59,USA
2828,MACDONALD,ROBERT,M55-59,USA
477,MALLERY,KEVIN,M55-59,USA
2829,MALTHANER,JIMMY,M55-59,USA
2830,MARKS,CHRISTOPHER,M55-59,USA
2831,MASIH,ROBERT,M55-59,CAN
2832,MATTHEWS,MICHAEL,M55-59,USA
2833,MCCULLOCH,STEVE,M55-59,USA
2834,MCKINLEY,BRYANT,M55-59,USA
2835,MCLAUGHLIN,THOMAS,M55-59,USA
2836,MEGIN,JAMES,M55-59,USA
2837,MELTZER,MARTIN,M55-59,USA
259,MENICHELLI,PAUL,M55-59,USA
2838,MOLSON,JEFFREY,M55-59,USA
260,MOORE,ROBERT J,M55-59,USA
2839,MOTHERWAY,WILLIAM,M55-59,USA
2840,MOUNTAIN,CLIFF,M55-59,CAN
2841,MYERS,ROBIN,M55-59,USA
2842,NAPOLI,JIM,M55-59,USA
2843,NATOLI,DAVID,M55-59,USA
2844,NOONAN,JOHN,M55-59,USA
2845,OBRAND,DANIEL,M55-59,CAN
2846,PARETI,JOHN,M55-59,USA
2847,PELEGGI,NUNZIO,M55-59,USA
2848,PHILLIPS,PAUL,M55-59,USA
2849,POULIN,LUC,M55-59,CAN
2850,PUGH,BOB,M55-59,USA
261,PURDY,BILL,M55-59,USA
2851,QUALLEY,MICHAEL,M55-59,USA
2852,RALSTON,BARRY,M55-59,USA
2853,RECCHIA,LOUIS,M55-59,USA
2854,REES,DAVE,M55-59,USA
2855,RISLER,DAN,M55-59,USA
2856,ROBILLARD,HUGH,M55-59,CAN
2857,ROMA,KEN,M55-59,USA
2858,ROMAN,ED,M55-59,USA
2859,ROULSTON,NED,M55-59,USA
2860,RUITERMAN,GORDON,M55-59,USA
2861,RYAN,CHAS,M55-59,USA
2862,SEILER,THOMAS,M55-59,USA
2863,SHINE,JOHN,M55-59,USA
2864,SKOCZEN,WESLEY,M55-59,CAN
2865,SNYDER,TOM,M55-59,USA
2866,SONNEBORN,JIM,M55-59,USA
2867,ST-MARTIN,GUY,M55-59,CAN
2868,SZATKOWSKI,MICHAEL,M55-59,USA
2869,TIBBITS,STEVE,M55-59,USA
2870,TOCCO,DOMINIC,M55-59,USA
2871,TOCZYLOWSKI,JAMES,M55-59,USA
478,TRACHTENBERG,ERIC,M55-59,USA
2872,TURIAK,DEREK,M55-59,CAN
2873,UGAX,EDUARDO,M55-59,USA
2874,VENABLE,MILTON,M55-59,USA
2875,VERSCHELDEN,LUC,M55-59,CAN
2876,WALKER,DAVID,M55-59,CAN
2877,WALTMAN,GERALD,M55-59,USA
2878,WEINBLATT,HARRY,M55-59,USA
2879,WERNICKE,CARL,M55-59,USA
2880,WEST,JAMES,M55-59,USA
697,WHITMARSH,ARTIE,M55-59,USA
2881,WHITNEY,WILLIAM,M55-59,USA
391,WIGGIN,PARKER,M55-59,USA
2882,WILSON,WESLEY,M55-59,USA
2883,ZACHMAN,PAUL,M55-59,USA
,,MALE 60-64,,
2884,BETTIS,PETER,M60-64,USA
2885,BOULANGER,MICHEL,M60-64,CAN
2886,CASSONE,DONALD,M60-64,USA
2887,CHRISFIELD,FRED,M60-64,AUS
2888,CHRISTOPHER,PETER,M60-64,USA
2889,COLBURN,JOE,M60-64,USA
2890,COLBURN,ROB,M60-64,USA
262,COLE,JEFFREY,M60-64,USA
2891,COPPOLO,DOMINIC,M60-64,USA
392,DALESSANDRO,GARRETT,M60-64,USA
2892,DEC,JOSEPH,M60-64,USA
263,DEE,THOMAS,M60-64,USA
588,DONNELLY,MARK,M60-64,USA
479,DOYLE,MICHAEL,M60-64,USA
2893,EGGERS,CURT,M60-64,USA
2894,ENRIGHT,BILL,M60-64,USA
2895,EZDON,MICHAEL,M60-64,USA
589,FASKING,KIRK,M60-64,USA
2896,FAUST,BARRY,M60-64,USA
2897,FORSMAN,KARL,M60-64,SWE
2898,FRISELLA,JOE,M60-64,USA
590,GERVAIS,MICHEL,M60-64,CAN
2899,GILBERT,DANIEL,M60-64,CAN
2900,GILL,CHRIS,M60-64,USA
2901,GILL,IAN,M60-64,CAN
341,GREIF,RICK,M60-64,USA
2902,GREY,JOE,M60-64,USA
2903,GUAY,MICHEL,M60-64,CAN
264,HARRISON,MICHAEL,M60-64,USA
2904,HARRISON,SCOTT,M60-64,USA
645,HART,KENNY,M60-64,USA
2905,HAYES,BART,M60-64,USA
480,HEALY,TIMOTHY,M60-64,USA
2906,HERMAN,JOHN,M60-64,USA
393,IRELAND,LEN,M60-64,CAN
481,KELLY,RAY,M60-64,USA
591,LANGEVIN,STEVE,M60-64,USA
2907,LANGFORD,PHILIP,M60-64,USA
25,LETHBRIDGE,SCOTT,M60-64,USA
2908,LINSEMAN,BERNARD,M60-64,CAN
2909,LOCKERBIE,BRETT,M60-64,CAN
2910,MARINO,KEN,M60-64,USA
2911,MCCULLOUGH,MICHAEL,M60-64,USA
2912,MCHUGH,JOE,M60-64,USA
265,MILIDEO,FRANK,M60-64,USA
2913,MITTON,RICK,M60-64,USA
2914,MORGANSON,ROBERT,M60-64,USA
2915,MORTON,DAVE,M60-64,CAN
280,O’DUNNE,PETER,M60-64,USA
2916,OH,DAN,M60-64,USA
2917,PARSONS,THOMAS,M60-64,USA
2918,PRESTON,RICK,M60-64,USA
2919,PROULX,DAVID,M60-64,USA
2920,REITER,ANDREW,M60-64,USA
2921,RIGGS,ALAN,M60-64,USA
2922,ROGERS,SCOTT,M60-64,USA
342,RYAN,GEORGE,M60-64,USA
2923,SALEM,DAVID,M60-64,USA
2924,SALMO,GARY,M60-64,USA
2925,SLIGHT,STEVE,M60-64,USA
2926,SPURLOCK,PAUL,M60-64,USA
2927,STANTON,CHRISTOPHER,M60-64,USA
2928,STEINBERG,TERRY,M60-64,USA
2929,SWANKIE,ALAN,M60-64,CAN
2930,TAFLER,MICHAEL,M60-64,USA
2931,THOMPSON,RAY,M60-64,USA
2932,VANOCKER,DAVID,M60-64,USA
482,VNUK,STEVE,M60-64,USA
2933,WATERHOUSE,JIM,M60-64,USA
2934,WEINPRESS,MICHAEL,M60-64,USA
2935,ZIER,DAN,M60-64,USA
,,MALE 65-69,,
2936,BRENNAN,FRANK,M65-69,CAN
2937,BRYANT,MICHAEL,M65-69,USA
2938,CARR,BRIAN,M65-69,CAN
266,COOK,PETER,M65-69,CAN
267,HARRIGAN,WILLIAM,M65-69,USA
268,HENDERSON,MACK,M65-69,USA
2939,HOROWITZ,BARRY,M65-69,USA
2940,ILLION,RICHARD,M65-69,USA
2941,JEFCOAT,MARK,M65-69,USA
2942,JONAS,STEVEN,M65-69,USA
2943,KADER,EDWARD,M65-69,USA
394,LLOYD,GRAHAM,M65-69,USA
2944,MILLET,JOE,M65-69,USA
592,ROSENBERG,BRAHM,M65-69,CAN
269,SCHEEFER,BOB,M65-69,USA
2945,SMITH,MARK,M65-69,USA
2946,TOLDNES,JOHN,M65-69,CAN
2947,VON DER HEYDEN,PAUL,M65-69,USA
2948,WESTPHAL,ARTHUR,M65-69,USA
,,MALE 70-74,,
2949,FAIR,GEORGE,M70-74,USA
2950,FISHMAN,BILL,M70-74,USA
2951,GRAF,PAUL,M70-74,USA
50,HICKOX,MAC,M70-74,CAN
483,PAGLIUGHI,KEN,M70-74,USA
2952,SENIOR,RICHARD,M70-74,USA
2953,SILLS,IRA,M70-74,USA
2954,TURNBULL,ALLAN,M70-74,USA
270,SPRINGEL,CARL,M75-79,USA
,PHYSICALLY CHALLENGED OPEN DIVISION,,,
13,ARMSTRONG,JAMES,PC,USA
12,ROOY,KATHLEEN,PC,USA
11,STEIN,JEFF,PC,USA
,,RELAYS,,
4024,BACON,KATIE,Relay,USA
4002,BOOTH,PAUL,Relay,USA
4007,BRASWELL,LAUREN,Relay,USA
4018,BRAZEAU,JASON,Relay,CAN
4007,CHU,YVONNE,Relay,USA
4003,COLLINS,PATTY,Relay,USA
4024,COLVIN,LAUREN,Relay,USA
4015,DAVIDSON,TERRY,Relay,USA
4015,DAVIS,GEORGE,Relay,USA
4006,DIGIULIAN,MISSY,Relay,USA
4013,DITORE,MIKE,Relay,USA
4004,DOUGLAS,BETHANY,Relay,USA
4001,DRABIK,MARYBETH,Relay,USA
4014,FAILLE,PATRICK,Relay,CAN
4005,FAZIO,MARIA,Relay,CAN
4019,FORTIER,CLAUDE,Relay,CAN
4021,GALLANT,ROCK,Relay,CAN
4017,GAUTHIER,MATHIEU,Relay,CAN
4005,GRAZIANO,GABRIEL,Relay,CAN
4006,HITE,KATE,Relay,USA
4016,HUSZAR,KELLY,Relay,USA
4020,IBARRA,PEDRO,Relay,CAN
4009,JEANSON,ERIC,Relay,USA
4009,JEANSON,FRÉDÉRICKE,Relay,USA
4012,JENKINS,CHRISTINE,Relay,USA
4011,JERRELL,DAVID,Relay,USA
4008,KATZ,LOU,Relay,USA
4008,KATZ,JOANNE,Relay,USA
4011,KEENE,KIMBERLEY,Relay,USA
4010,KINDLER,DAVID,Relay,USA
4010,KINDLER,TRISHA,Relay,USA
4003,KULKOSKI,KAT,Relay,USA
4017,LAMONTAGNE,JULIE,Relay,CAN
4016,LANCASTER,JEFFREY,Relay,USA
4009,LESSARD,GENEVIEVE,Relay,CAN
4004,LISBON,MEGAN,Relay,USA
4011,LYND,JAMES,Relay,USA
4002,LY-SMITH,SANITA,Relay,USA
4020,MACFARLANE,ROBERT,Relay,CAN
4018,MACLEOD,HEATHER,Relay,CAN
4015,MERTES,BEN,Relay,USA
4022,MORIN,MARYANNE,Relay,CAN
4022,MULDOWNEY,SIOBHAN,Relay,CAN
4023,OSTUNI,CINDY,Relay,USA
4019,PHANEUF,CHRISTIAN,Relay,CAN
4006,SANLORENZO-CASWELL,THERESA,Relay,USA
4025,SCOTT,MARCIA,Relay,USA
4002,SMITH,CAMERON,Relay,USA
4016,STILES,RANDY,Relay,USA
4021,ST-JEAN,ISABEL,Relay,CAN
4003,THOMPSON,PATRICIA,Relay,USA
4001,TOMAINO,PATRICIA,Relay,USA
4019,TRUDEAU,LUC,Relay,CAN
4024,WAGNER,DIANA,Relay,USA
4005,WIZEMANN,CHRISTINA,Relay,CAN
4001,YONELUNAS,ALANNA,Relay,USA
,,INCOMPLETE REGISTRATIONS
343,ADAMS,THEODORE
344,ALBANESE,NICK
345,AMELANCZUK,KAROLINA
346,BERLAND,MICHAEL
347,BERRIOS,MELISSA
348,BROWN,KIRSTEN
26,CARR,ANGIE
349,COTA,MARIANA
27,ELDRIDGE,DUANE
350,FENWICK,ROSE
28,FRAWLEY,STEPHEN
2955,GARTEN,LLOYD
351,GRANNELL,FRANCINE
352,HANNIGAN,WIEBKE
29,HICKMAN,JAMES
353,HILL,KAREN
354,HOPE,JASON
2956,KACZKA,CHRISTOPHER
2957,KADER,TINA
2958,MARTIN,PAUL
355,MIEURE,MARY
356,MILLEY,STEVE
30,MUELLER,CHRISTL
2959,O’MARA,DEIRDRE
31,REICHMANN,THOMAS
32,RETHAGE,BILL,,
357,RISCH,BILL,,
358,RUANE,THOMAS,,
33,SAVOIE,BRODY,,
2960,STASIUKONIS,STEVE,,USA
359,STEENLAND,PAMELA,,
